	Open	High	Low	Close	Volume	TradingDate	Code
0	14000.0	14000.0	14000.0	14000.0	5200	2023-02-09 02:00:00	MBS
1	13900.0	13900.0	13700.0	13900.0	45400	2023-02-09 02:15:00	MBS
2	13900.0	13900.0	13900.0	13900.0	9600	2023-02-09 02:30:00	MBS
3	13900.0	14000.0	13900.0	14000.0	85100	2023-02-09 02:45:00	MBS
4	14000.0	14000.0	14000.0	14000.0	18900	2023-02-09 03:00:00	MBS
5	13900.0	13900.0	13900.0	13900.0	35600	2023-02-09 03:15:00	MBS
6	13900.0	14100.0	13900.0	14100.0	51700	2023-02-09 03:30:00	MBS
7	14100.0	14100.0	14000.0	14000.0	14600	2023-02-09 03:45:00	MBS
8	14000.0	14000.0	14000.0	14000.0	9300	2023-02-09 04:00:00	MBS
9	14000.0	14000.0	13900.0	14000.0	10200	2023-02-09 04:15:00	MBS
10	14000.0	14000.0	14000.0	14000.0	0	2023-02-09 04:30:00	MBS
11	13900.0	14000.0	13800.0	13900.0	77800	2023-02-09 06:00:00	MBS
12	13900.0	14000.0	13900.0	13900.0	67000	2023-02-09 06:15:00	MBS
13	13900.0	13900.0	13800.0	13900.0	62800	2023-02-09 06:30:00	MBS
14	13900.0	14000.0	13800.0	14000.0	29700	2023-02-09 06:45:00	MBS
15	13900.0	14000.0	13900.0	13900.0	68600	2023-02-09 07:00:00	MBS
16	13900.0	14000.0	13800.0	13800.0	74000	2023-02-09 07:15:00	MBS
17	13800.0	13800.0	13800.0	13800.0	0	2023-02-09 07:30:00	MBS
18	13700.0	13700.0	13700.0	13700.0	54300	2023-02-09 07:45:00	MBS
19	13700.0	13700.0	13700.0	13700.0	0	2023-02-09 08:00:00	MBS
20	13700.0	13700.0	13700.0	13700.0	15400	2023-02-10 02:00:00	MBS
21	13700.0	13700.0	13700.0	13700.0	70400	2023-02-10 02:15:00	MBS
22	13700.0	13700.0	13600.0	13700.0	87200	2023-02-10 02:30:00	MBS
23	13700.0	13800.0	13700.0	13800.0	31700	2023-02-10 02:45:00	MBS
24	13800.0	13800.0	13700.0	13800.0	22500	2023-02-10 03:00:00	MBS
25	13800.0	13800.0	13700.0	13700.0	66400	2023-02-10 03:15:00	MBS
26	13700.0	13700.0	13700.0	13700.0	32800	2023-02-10 03:30:00	MBS
27	13700.0	13700.0	13600.0	13700.0	18100	2023-02-10 03:45:00	MBS
28	13700.0	13700.0	13600.0	13600.0	11200	2023-02-10 04:00:00	MBS
29	13600.0	13600.0	13600.0	13600.0	48700	2023-02-10 04:15:00	MBS
30	13600.0	13600.0	13600.0	13600.0	0	2023-02-10 04:30:00	MBS
31	13600.0	13600.0	13500.0	13600.0	125000	2023-02-10 06:00:00	MBS
32	13600.0	13600.0	13400.0	13500.0	173300	2023-02-10 06:15:00	MBS
33	13500.0	13600.0	13400.0	13500.0	69100	2023-02-10 06:30:00	MBS
34	13500.0	13700.0	13400.0	13700.0	149200	2023-02-10 06:45:00	MBS
35	13700.0	13700.0	13500.0	13500.0	106800	2023-02-10 07:00:00	MBS
36	13500.0	13600.0	13400.0	13500.0	174900	2023-02-10 07:15:00	MBS
37	13500.0	13500.0	13500.0	13500.0	0	2023-02-10 07:30:00	MBS
38	13400.0	13400.0	13400.0	13400.0	79900	2023-02-10 07:45:00	MBS
39	13400.0	13400.0	13400.0	13400.0	0	2023-02-10 08:00:00	MBS
40	13400.0	13500.0	13100.0	13300.0	74000	2023-02-13 02:00:00	MBS
41	13300.0	13300.0	13100.0	13200.0	78400	2023-02-13 02:15:00	MBS
42	13300.0	13400.0	13200.0	13200.0	70300	2023-02-13 02:30:00	MBS
43	13200.0	13300.0	13100.0	13100.0	131300	2023-02-13 02:45:00	MBS
44	13100.0	13200.0	13000.0	13000.0	203500	2023-02-13 03:00:00	MBS
45	13100.0	13100.0	12900.0	13100.0	274300	2023-02-13 03:15:00	MBS
46	13000.0	13100.0	13000.0	13100.0	88200	2023-02-13 03:30:00	MBS
47	13100.0	13100.0	13000.0	13100.0	78700	2023-02-13 03:45:00	MBS
48	13100.0	13100.0	13000.0	13000.0	106900	2023-02-13 04:00:00	MBS
49	13000.0	13000.0	13000.0	13000.0	11200	2023-02-13 04:15:00	MBS
50	13000.0	13000.0	13000.0	13000.0	0	2023-02-13 04:30:00	MBS
51	13000.0	13000.0	12700.0	12800.0	286600	2023-02-13 06:00:00	MBS
52	12900.0	12900.0	12600.0	12700.0	214700	2023-02-13 06:15:00	MBS
53	12700.0	12900.0	12500.0	12900.0	446800	2023-02-13 06:30:00	MBS
54	13000.0	13000.0	12800.0	12800.0	98400	2023-02-13 06:45:00	MBS
55	12800.0	12800.0	12600.0	12700.0	138200	2023-02-13 07:00:00	MBS
56	12700.0	13000.0	12600.0	12700.0	418900	2023-02-13 07:15:00	MBS
57	12700.0	12700.0	12700.0	12700.0	0	2023-02-13 07:30:00	MBS
58	12800.0	12800.0	12800.0	12800.0	80000	2023-02-13 07:45:00	MBS
59	12800.0	12800.0	12800.0	12800.0	0	2023-02-13 08:00:00	MBS
60	12900.0	13100.0	12900.0	13000.0	51400	2023-02-14 02:00:00	MBS
61	13100.0	13100.0	13000.0	13000.0	23000	2023-02-14 02:15:00	MBS
62	13000.0	13000.0	12900.0	13000.0	9400	2023-02-14 02:30:00	MBS
63	12900.0	13000.0	12900.0	12900.0	15400	2023-02-14 02:45:00	MBS
64	12900.0	13000.0	12900.0	13000.0	16700	2023-02-14 03:00:00	MBS
65	13100.0	13100.0	13000.0	13100.0	24200	2023-02-14 03:15:00	MBS
66	13100.0	13100.0	13000.0	13000.0	9200	2023-02-14 03:30:00	MBS
67	13100.0	13200.0	13100.0	13200.0	26900	2023-02-14 03:45:00	MBS
68	13100.0	13200.0	13100.0	13100.0	24100	2023-02-14 04:00:00	MBS
69	13100.0	13100.0	13000.0	13000.0	19300	2023-02-14 04:15:00	MBS
70	13000.0	13000.0	13000.0	13000.0	0	2023-02-14 04:30:00	MBS
71	13000.0	13100.0	12900.0	13000.0	68600	2023-02-14 06:00:00	MBS
72	13000.0	13000.0	13000.0	13000.0	56600	2023-02-14 06:15:00	MBS
73	12900.0	13000.0	12900.0	13000.0	73500	2023-02-14 06:30:00	MBS
74	13000.0	13000.0	12900.0	12900.0	49300	2023-02-14 06:45:00	MBS
75	12900.0	13100.0	12900.0	13100.0	47900	2023-02-14 07:00:00	MBS
76	13000.0	13000.0	12900.0	12900.0	56900	2023-02-14 07:15:00	MBS
77	12900.0	12900.0	12900.0	12900.0	0	2023-02-14 07:30:00	MBS
78	12900.0	12900.0	12900.0	12900.0	81400	2023-02-14 07:45:00	MBS
79	12900.0	12900.0	12900.0	12900.0	0	2023-02-14 08:00:00	MBS
80	12900.0	13000.0	12900.0	13000.0	8700	2023-02-15 02:00:00	MBS
81	12900.0	13000.0	12900.0	13000.0	13200	2023-02-15 02:15:00	MBS
82	13000.0	13200.0	12900.0	13200.0	137800	2023-02-15 02:30:00	MBS
83	13200.0	13400.0	13200.0	13400.0	145900	2023-02-15 02:45:00	MBS
84	13300.0	13400.0	13300.0	13400.0	142500	2023-02-15 03:00:00	MBS
85	13500.0	13500.0	13400.0	13500.0	97800	2023-02-15 03:15:00	MBS
86	13500.0	13600.0	13500.0	13500.0	129800	2023-02-15 03:30:00	MBS
87	13500.0	13500.0	13400.0	13400.0	30900	2023-02-15 03:45:00	MBS
88	13400.0	13600.0	13400.0	13600.0	31100	2023-02-15 04:00:00	MBS
89	13500.0	13500.0	13500.0	13500.0	30600	2023-02-15 04:15:00	MBS
90	13500.0	13500.0	13500.0	13500.0	0	2023-02-15 04:30:00	MBS
91	13500.0	13500.0	13300.0	13300.0	128800	2023-02-15 06:00:00	MBS
92	13400.0	13400.0	13300.0	13300.0	39200	2023-02-15 06:15:00	MBS
93	13300.0	13300.0	13200.0	13300.0	41600	2023-02-15 06:30:00	MBS
94	13300.0	13400.0	13300.0	13300.0	45200	2023-02-15 06:45:00	MBS
95	13300.0	13300.0	13200.0	13300.0	58900	2023-02-15 07:00:00	MBS
96	13200.0	13400.0	13200.0	13300.0	71700	2023-02-15 07:15:00	MBS
97	13300.0	13300.0	13300.0	13300.0	0	2023-02-15 07:30:00	MBS
98	13400.0	13400.0	13400.0	13400.0	8300	2023-02-15 07:45:00	MBS
99	13400.0	13400.0	13400.0	13400.0	0	2023-02-15 08:00:00	MBS
100	13600.0	13600.0	13600.0	13600.0	0	2023-02-16 04:30:00	MBS
101	13600.0	13600.0	13500.0	13500.0	67600	2023-02-16 06:00:00	MBS
102	13500.0	13600.0	13500.0	13600.0	12500	2023-02-16 06:15:00	MBS
103	13500.0	13600.0	13500.0	13600.0	85300	2023-02-16 06:30:00	MBS
104	13600.0	13700.0	13600.0	13600.0	89400	2023-02-16 06:45:00	MBS
105	13600.0	13700.0	13600.0	13700.0	214400	2023-02-16 07:00:00	MBS
106	13700.0	13800.0	13700.0	13700.0	222700	2023-02-16 07:15:00	MBS
107	13700.0	13700.0	13700.0	13700.0	0	2023-02-16 07:30:00	MBS
108	13800.0	13800.0	13800.0	13800.0	68900	2023-02-16 07:45:00	MBS
109	13800.0	13800.0	13800.0	13800.0	0	2023-02-16 08:00:00	MBS
110	13800.0	13800.0	13700.0	13700.0	32900	2023-02-17 02:00:00	MBS
111	13700.0	13700.0	13600.0	13700.0	78800	2023-02-17 02:15:00	MBS
112	13700.0	13900.0	13700.0	13800.0	67200	2023-02-17 02:30:00	MBS
113	13800.0	13800.0	13700.0	13700.0	102900	2023-02-17 02:45:00	MBS
114	13700.0	13700.0	13700.0	13700.0	46500	2023-02-17 03:00:00	MBS
115	13700.0	13700.0	13600.0	13700.0	21400	2023-02-17 03:15:00	MBS
116	13700.0	13700.0	13700.0	13700.0	16800	2023-02-17 03:30:00	MBS
117	13700.0	13700.0	13700.0	13700.0	32300	2023-02-17 03:45:00	MBS
118	13700.0	13800.0	13700.0	13700.0	6900	2023-02-17 04:00:00	MBS
119	13700.0	13700.0	13600.0	13600.0	19000	2023-02-17 04:15:00	MBS
120	13600.0	13600.0	13600.0	13600.0	0	2023-02-17 04:30:00	MBS
121	13700.0	13700.0	13600.0	13600.0	105200	2023-02-17 06:00:00	MBS
122	13600.0	13600.0	13600.0	13600.0	60400	2023-02-17 06:15:00	MBS
123	13600.0	13700.0	13600.0	13700.0	69200	2023-02-17 06:30:00	MBS
124	13700.0	13700.0	13500.0	13500.0	104100	2023-02-17 06:45:00	MBS
125	13500.0	13700.0	13500.0	13700.0	58100	2023-02-17 07:00:00	MBS
126	13700.0	13800.0	13600.0	13700.0	102500	2023-02-17 07:15:00	MBS
127	13700.0	13700.0	13700.0	13700.0	0	2023-02-17 07:30:00	MBS
128	13600.0	13600.0	13600.0	13600.0	44600	2023-02-17 07:45:00	MBS
129	13600.0	13600.0	13600.0	13600.0	0	2023-02-17 08:00:00	MBS
130	13700.0	13800.0	13600.0	13800.0	25200	2023-02-20 02:00:00	MBS
131	13800.0	14000.0	13700.0	14000.0	292700	2023-02-20 02:15:00	MBS
132	14000.0	14300.0	14000.0	14300.0	417600	2023-02-20 02:30:00	MBS
133	14300.0	14300.0	14200.0	14200.0	127600	2023-02-20 02:45:00	MBS
134	14200.0	14300.0	14100.0	14100.0	102800	2023-02-20 03:00:00	MBS
135	14100.0	14100.0	14100.0	14100.0	76400	2023-02-20 03:15:00	MBS
136	14100.0	14200.0	14100.0	14200.0	149200	2023-02-20 03:30:00	MBS
137	14200.0	14300.0	14200.0	14200.0	94900	2023-02-20 03:45:00	MBS
138	14200.0	14200.0	14100.0	14100.0	69900	2023-02-20 04:00:00	MBS
139	14100.0	14400.0	14100.0	14300.0	278600	2023-02-20 04:15:00	MBS
140	14300.0	14300.0	14300.0	14300.0	0	2023-02-20 04:30:00	MBS
141	14300.0	14400.0	14200.0	14300.0	148300	2023-02-20 06:00:00	MBS
142	14300.0	14400.0	14200.0	14400.0	106800	2023-02-20 06:15:00	MBS
143	14400.0	14500.0	14300.0	14400.0	281000	2023-02-20 06:30:00	MBS
144	14400.0	14500.0	14300.0	14500.0	240700	2023-02-20 06:45:00	MBS
145	14500.0	14600.0	14500.0	14500.0	282900	2023-02-20 07:00:00	MBS
146	14500.0	14800.0	14500.0	14700.0	328200	2023-02-20 07:15:00	MBS
147	14700.0	14700.0	14700.0	14700.0	0	2023-02-20 07:30:00	MBS
148	14800.0	14800.0	14800.0	14800.0	131900	2023-02-20 07:45:00	MBS
149	14800.0	14800.0	14800.0	14800.0	0	2023-02-20 08:00:00	MBS
150	14800.0	14900.0	14700.0	14800.0	104500	2023-02-21 02:00:00	MBS
151	14700.0	14900.0	14700.0	14800.0	198500	2023-02-21 02:15:00	MBS
152	14800.0	14800.0	14600.0	14800.0	204100	2023-02-21 02:30:00	MBS
153	14800.0	14800.0	14600.0	14600.0	111300	2023-02-21 02:45:00	MBS
154	14600.0	14600.0	14500.0	14600.0	181500	2023-02-21 03:00:00	MBS
155	14600.0	14700.0	14600.0	14600.0	31000	2023-02-21 03:15:00	MBS
156	14600.0	14800.0	14600.0	14700.0	142800	2023-02-21 03:30:00	MBS
157	14700.0	14700.0	14600.0	14600.0	27200	2023-02-21 03:45:00	MBS
158	14600.0	14700.0	14600.0	14600.0	132100	2023-02-21 04:00:00	MBS
159	14600.0	14600.0	14500.0	14500.0	50200	2023-02-21 04:15:00	MBS
160	14500.0	14500.0	14500.0	14500.0	0	2023-02-21 04:30:00	MBS
161	14500.0	14700.0	14500.0	14700.0	69800	2023-02-21 06:00:00	MBS
162	14700.0	14700.0	14600.0	14600.0	47100	2023-02-21 06:15:00	MBS
163	14600.0	14800.0	14600.0	14800.0	285000	2023-02-21 06:30:00	MBS
164	14700.0	14800.0	14700.0	14700.0	109100	2023-02-21 06:45:00	MBS
165	14600.0	14800.0	14600.0	14700.0	166800	2023-02-21 07:00:00	MBS
166	14700.0	14800.0	14500.0	14600.0	332500	2023-02-21 07:15:00	MBS
167	14600.0	14600.0	14600.0	14600.0	0	2023-02-21 07:30:00	MBS
168	14600.0	14600.0	14600.0	14600.0	96500	2023-02-21 07:45:00	MBS
169	14600.0	14600.0	14600.0	14600.0	0	2023-02-21 08:00:00	MBS
170	14400.0	14400.0	14100.0	14200.0	252900	2023-02-22 02:00:00	MBS
171	14200.0	14400.0	14100.0	14300.0	196600	2023-02-22 02:15:00	MBS
172	14400.0	14400.0	14100.0	14300.0	220000	2023-02-22 02:30:00	MBS
173	14300.0	14300.0	14200.0	14200.0	64000	2023-02-22 02:45:00	MBS
174	14300.0	14500.0	14300.0	14300.0	173500	2023-02-22 03:00:00	MBS
175	14300.0	14300.0	14200.0	14200.0	194800	2023-02-22 03:15:00	MBS
176	14300.0	14300.0	14100.0	14200.0	80500	2023-02-22 03:30:00	MBS
177	14100.0	14200.0	14100.0	14100.0	44000	2023-02-22 03:45:00	MBS
178	14200.0	14200.0	14100.0	14100.0	42700	2023-02-22 04:00:00	MBS
179	14200.0	14200.0	14100.0	14100.0	74300	2023-02-22 04:15:00	MBS
180	14100.0	14100.0	14100.0	14100.0	0	2023-02-22 04:30:00	MBS
181	14100.0	14200.0	13900.0	14000.0	908000	2023-02-22 06:00:00	MBS
182	14000.0	14100.0	14000.0	14100.0	123400	2023-02-22 06:15:00	MBS
183	14100.0	14200.0	14000.0	14200.0	184200	2023-02-22 06:30:00	MBS
184	14300.0	14400.0	14200.0	14300.0	308500	2023-02-22 06:45:00	MBS
185	14300.0	14500.0	14200.0	14200.0	213500	2023-02-22 07:00:00	MBS
186	14200.0	14300.0	14100.0	14100.0	188600	2023-02-22 07:15:00	MBS
187	14100.0	14100.0	14100.0	14100.0	0	2023-02-22 07:30:00	MBS
188	13800.0	13800.0	13800.0	13800.0	459700	2023-02-22 07:45:00	MBS
189	13800.0	13800.0	13800.0	13800.0	0	2023-02-22 08:00:00	MBS
190	13900.0	13900.0	13600.0	13800.0	60000	2023-02-23 02:00:00	MBS
191	13800.0	13900.0	13700.0	13700.0	119500	2023-02-23 02:15:00	MBS
192	13700.0	13800.0	13700.0	13800.0	52000	2023-02-23 02:30:00	MBS
193	13800.0	13900.0	13700.0	13800.0	56800	2023-02-23 02:45:00	MBS
194	13800.0	13800.0	13700.0	13700.0	59300	2023-02-23 03:00:00	MBS
195	13700.0	13700.0	13600.0	13600.0	91000	2023-02-23 03:15:00	MBS
196	13600.0	13700.0	13600.0	13700.0	58700	2023-02-23 03:30:00	MBS
197	13700.0	13700.0	13600.0	13600.0	97000	2023-02-23 03:45:00	MBS
198	13600.0	13600.0	13600.0	13600.0	36900	2023-02-23 04:00:00	MBS
199	13700.0	13700.0	13600.0	13600.0	33600	2023-02-23 04:15:00	MBS
200	13600.0	13600.0	13600.0	13600.0	0	2023-02-23 04:30:00	MBS
201	13600.0	13600.0	13500.0	13600.0	205200	2023-02-23 06:00:00	MBS
202	13700.0	13700.0	13600.0	13600.0	15000	2023-02-23 06:15:00	MBS
203	13600.0	13700.0	13600.0	13600.0	104100	2023-02-23 06:30:00	MBS
204	13500.0	13700.0	13500.0	13600.0	223300	2023-02-23 06:45:00	MBS
205	13500.0	13600.0	13300.0	13500.0	394300	2023-02-23 07:00:00	MBS
206	13400.0	13900.0	13400.0	13800.0	221900	2023-02-23 07:15:00	MBS
207	13800.0	13800.0	13800.0	13800.0	0	2023-02-23 07:30:00	MBS
208	13900.0	13900.0	13900.0	13900.0	150200	2023-02-23 07:45:00	MBS
209	13900.0	13900.0	13900.0	13900.0	0	2023-02-23 08:00:00	MBS
210	13800.0	14000.0	13800.0	14000.0	58200	2023-02-24 02:00:00	MBS
211	14000.0	14000.0	13800.0	13800.0	25300	2023-02-24 02:15:00	MBS
212	13800.0	14000.0	13800.0	14000.0	66800	2023-02-24 02:30:00	MBS
213	14000.0	14000.0	13900.0	14000.0	28300	2023-02-24 02:45:00	MBS
214	14000.0	14000.0	13900.0	13900.0	16000	2023-02-24 03:00:00	MBS
215	13900.0	14000.0	13800.0	13800.0	15900	2023-02-24 03:15:00	MBS
216	13900.0	13900.0	13800.0	13800.0	5500	2023-02-24 03:30:00	MBS
217	13800.0	13800.0	13700.0	13800.0	56000	2023-02-24 03:45:00	MBS
218	13800.0	13800.0	13700.0	13700.0	17700	2023-02-24 04:00:00	MBS
219	13700.0	13800.0	13600.0	13600.0	130900	2023-02-24 04:15:00	MBS
220	13600.0	13600.0	13600.0	13600.0	0	2023-02-24 04:30:00	MBS
221	13600.0	13600.0	13500.0	13600.0	140400	2023-02-24 06:00:00	MBS
222	13600.0	13700.0	13600.0	13700.0	40400	2023-02-24 06:15:00	MBS
223	13700.0	13800.0	13600.0	13600.0	125300	2023-02-24 06:30:00	MBS
224	13700.0	13700.0	13500.0	13600.0	140100	2023-02-24 06:45:00	MBS
225	13600.0	13700.0	13600.0	13600.0	94500	2023-02-24 07:00:00	MBS
226	13600.0	13800.0	13500.0	13700.0	228100	2023-02-24 07:15:00	MBS
227	13700.0	13700.0	13700.0	13700.0	0	2023-02-24 07:30:00	MBS
228	13500.0	13500.0	13500.0	13500.0	170400	2023-02-24 07:45:00	MBS
229	13500.0	13500.0	13500.0	13500.0	0	2023-02-24 08:00:00	MBS
230	13500.0	13500.0	13100.0	13200.0	114200	2023-02-27 02:00:00	MBS
231	13300.0	13300.0	13000.0	13200.0	167400	2023-02-27 02:15:00	MBS
232	13200.0	13200.0	13000.0	13200.0	142600	2023-02-27 02:30:00	MBS
233	13300.0	13300.0	13200.0	13200.0	71800	2023-02-27 02:45:00	MBS
234	13200.0	13200.0	13000.0	13100.0	68900	2023-02-27 03:00:00	MBS
235	13100.0	13200.0	13000.0	13100.0	53100	2023-02-27 03:15:00	MBS
236	13200.0	13200.0	13100.0	13100.0	89700	2023-02-27 03:30:00	MBS
237	13000.0	13100.0	12900.0	13000.0	206900	2023-02-27 03:45:00	MBS
238	13000.0	13000.0	12900.0	12900.0	53500	2023-02-27 04:00:00	MBS
239	12900.0	13000.0	12900.0	13000.0	40600	2023-02-27 04:15:00	MBS
240	13000.0	13000.0	13000.0	13000.0	0	2023-02-27 04:30:00	MBS
241	12900.0	13100.0	12900.0	13100.0	118100	2023-02-27 06:00:00	MBS
242	13100.0	13200.0	13000.0	13100.0	90100	2023-02-27 06:15:00	MBS
243	13000.0	13100.0	12900.0	13100.0	233700	2023-02-27 06:30:00	MBS
244	13100.0	13100.0	13000.0	13100.0	119800	2023-02-27 06:45:00	MBS
245	13100.0	13300.0	13000.0	13100.0	109000	2023-02-27 07:00:00	MBS
246	13100.0	13100.0	12800.0	12900.0	385500	2023-02-27 07:15:00	MBS
247	12900.0	12900.0	12900.0	12900.0	0	2023-02-27 07:30:00	MBS
248	12800.0	12800.0	12800.0	12800.0	162300	2023-02-27 07:45:00	MBS
249	12800.0	12800.0	12800.0	12800.0	0	2023-02-27 08:00:00	MBS
250	12800.0	13200.0	12800.0	13200.0	43000	2023-02-28 02:00:00	MBS
251	13100.0	13200.0	13000.0	13000.0	134300	2023-02-28 02:15:00	MBS
252	13000.0	13100.0	13000.0	13100.0	43400	2023-02-28 02:30:00	MBS
253	13100.0	13100.0	13000.0	13000.0	51200	2023-02-28 02:45:00	MBS
254	13100.0	13200.0	13000.0	13200.0	57000	2023-02-28 03:00:00	MBS
255	13100.0	13200.0	13100.0	13100.0	18900	2023-02-28 03:15:00	MBS
256	13100.0	13200.0	13100.0	13100.0	32600	2023-02-28 03:30:00	MBS
257	13000.0	13100.0	13000.0	13100.0	6800	2023-02-28 03:45:00	MBS
258	13100.0	13100.0	13000.0	13000.0	81800	2023-02-28 04:00:00	MBS
259	13000.0	13000.0	12900.0	13000.0	9600	2023-02-28 04:15:00	MBS
260	13000.0	13000.0	13000.0	13000.0	0	2023-02-28 04:30:00	MBS
261	13000.0	13100.0	12900.0	13000.0	45200	2023-02-28 06:00:00	MBS
262	13000.0	13000.0	12900.0	13000.0	105100	2023-02-28 06:15:00	MBS
263	13000.0	13000.0	12900.0	13000.0	30000	2023-02-28 06:30:00	MBS
264	13000.0	13000.0	12800.0	12900.0	76400	2023-02-28 06:45:00	MBS
265	12900.0	13000.0	12900.0	12900.0	14600	2023-02-28 07:00:00	MBS
266	13000.0	13000.0	12800.0	12900.0	224800	2023-02-28 07:15:00	MBS
267	12900.0	12900.0	12900.0	12900.0	0	2023-02-28 07:30:00	MBS
268	12900.0	12900.0	12900.0	12900.0	56200	2023-02-28 07:45:00	MBS
269	12900.0	12900.0	12900.0	12900.0	0	2023-02-28 08:00:00	MBS
270	12900.0	12900.0	12800.0	12900.0	2200	2023-03-01 02:00:00	MBS
271	12800.0	12900.0	12800.0	12900.0	30300	2023-03-01 02:15:00	MBS
272	13000.0	13100.0	13000.0	13000.0	53600	2023-03-01 02:30:00	MBS
273	12900.0	13000.0	12900.0	12900.0	26400	2023-03-01 02:45:00	MBS
274	12900.0	12900.0	12900.0	12900.0	2500	2023-03-01 03:00:00	MBS
275	12900.0	13100.0	12900.0	13100.0	183500	2023-03-01 03:15:00	MBS
276	13100.0	13200.0	13000.0	13200.0	40600	2023-03-01 03:30:00	MBS
277	13100.0	13200.0	13100.0	13200.0	96400	2023-03-01 03:45:00	MBS
278	13200.0	13200.0	13200.0	13200.0	24100	2023-03-01 04:00:00	MBS
279	13200.0	13200.0	13100.0	13100.0	800	2023-03-01 04:15:00	MBS
280	13100.0	13100.0	13100.0	13100.0	0	2023-03-01 04:30:00	MBS
281	13200.0	13300.0	13200.0	13300.0	117700	2023-03-01 06:00:00	MBS
282	13300.0	13300.0	13200.0	13300.0	74600	2023-03-01 06:15:00	MBS
283	13300.0	13300.0	13200.0	13300.0	60400	2023-03-01 06:30:00	MBS
284	13300.0	13300.0	13200.0	13200.0	49500	2023-03-01 06:45:00	MBS
285	13200.0	13400.0	13100.0	13300.0	80200	2023-03-01 07:00:00	MBS
286	13400.0	13500.0	13300.0	13500.0	299200	2023-03-01 07:15:00	MBS
287	13500.0	13500.0	13500.0	13500.0	0	2023-03-01 07:30:00	MBS
288	13500.0	13500.0	13500.0	13500.0	75300	2023-03-01 07:45:00	MBS
289	13500.0	13500.0	13500.0	13500.0	0	2023-03-01 08:00:00	MBS
290	13500.0	13600.0	13500.0	13500.0	19200	2023-03-02 02:00:00	MBS
291	13500.0	13600.0	13400.0	13500.0	30300	2023-03-02 02:15:00	MBS
292	13500.0	13600.0	13400.0	13600.0	92700	2023-03-02 02:30:00	MBS
293	13600.0	13600.0	13500.0	13500.0	42100	2023-03-02 02:45:00	MBS
294	13500.0	13500.0	13400.0	13400.0	7600	2023-03-02 03:00:00	MBS
295	13400.0	13500.0	13400.0	13400.0	43000	2023-03-02 03:15:00	MBS
296	13400.0	13400.0	13400.0	13400.0	10300	2023-03-02 03:30:00	MBS
297	13400.0	13500.0	13400.0	13400.0	10900	2023-03-02 03:45:00	MBS
298	13300.0	13400.0	13300.0	13400.0	20500	2023-03-02 04:00:00	MBS
299	13400.0	13400.0	13400.0	13400.0	4500	2023-03-02 04:15:00	MBS
300	13400.0	13400.0	13400.0	13400.0	0	2023-03-02 04:30:00	MBS
301	13400.0	13600.0	13400.0	13500.0	157900	2023-03-02 06:00:00	MBS
302	13500.0	13600.0	13400.0	13400.0	42000	2023-03-02 06:15:00	MBS
303	13500.0	13500.0	13400.0	13400.0	23200	2023-03-02 06:30:00	MBS
304	13400.0	13500.0	13400.0	13500.0	9900	2023-03-02 06:45:00	MBS
305	13400.0	13500.0	13400.0	13400.0	79700	2023-03-02 07:00:00	MBS
306	13400.0	13500.0	13300.0	13400.0	160800	2023-03-02 07:15:00	MBS
307	13400.0	13400.0	13400.0	13400.0	0	2023-03-02 07:30:00	MBS
308	13400.0	13400.0	13400.0	13400.0	57300	2023-03-02 07:45:00	MBS
309	13400.0	13400.0	13400.0	13400.0	0	2023-03-02 08:00:00	MBS
310	13500.0	13600.0	13500.0	13600.0	36700	2023-03-03 02:00:00	MBS
311	13600.0	13700.0	13500.0	13600.0	125200	2023-03-03 02:15:00	MBS
312	13600.0	13700.0	13500.0	13500.0	77500	2023-03-03 02:30:00	MBS
313	13500.0	13600.0	13500.0	13500.0	124700	2023-03-03 02:45:00	MBS
314	13500.0	13600.0	13500.0	13500.0	43400	2023-03-03 03:00:00	MBS
315	13500.0	13600.0	13500.0	13600.0	69200	2023-03-03 03:15:00	MBS
316	13500.0	13500.0	13500.0	13500.0	59800	2023-03-03 03:30:00	MBS
317	13500.0	13500.0	13400.0	13500.0	35800	2023-03-03 03:45:00	MBS
318	13500.0	13500.0	13400.0	13500.0	5600	2023-03-03 04:00:00	MBS
319	13400.0	13400.0	13300.0	13400.0	63800	2023-03-03 04:15:00	MBS
320	13400.0	13400.0	13400.0	13400.0	0	2023-03-03 04:30:00	MBS
321	13300.0	13400.0	13300.0	13400.0	102300	2023-03-03 06:00:00	MBS
322	13400.0	13500.0	13400.0	13500.0	136700	2023-03-03 06:15:00	MBS
323	13500.0	13500.0	13400.0	13400.0	30700	2023-03-03 06:30:00	MBS
324	13500.0	13500.0	13300.0	13400.0	56600	2023-03-03 06:45:00	MBS
325	13400.0	13500.0	13300.0	13400.0	95500	2023-03-03 07:00:00	MBS
326	13400.0	13400.0	13100.0	13100.0	182900	2023-03-03 07:15:00	MBS
327	13100.0	13100.0	13100.0	13100.0	0	2023-03-03 07:30:00	MBS
328	13000.0	13000.0	13000.0	13000.0	98000	2023-03-03 07:45:00	MBS
329	13000.0	13000.0	13000.0	13000.0	0	2023-03-03 08:00:00	MBS
330	13000.0	13400.0	13000.0	13400.0	91700	2023-03-06 02:00:00	MBS
331	13400.0	13600.0	13400.0	13500.0	159400	2023-03-06 02:15:00	MBS
332	13500.0	13600.0	13500.0	13500.0	177500	2023-03-06 02:30:00	MBS
333	13500.0	13500.0	13400.0	13400.0	64200	2023-03-06 02:45:00	MBS
334	13500.0	13500.0	13500.0	13500.0	113500	2023-03-06 03:00:00	MBS
335	13500.0	13600.0	13500.0	13500.0	106400	2023-03-06 03:15:00	MBS
336	13500.0	13500.0	13400.0	13400.0	14600	2023-03-06 03:30:00	MBS
337	13400.0	13500.0	13400.0	13500.0	3800	2023-03-06 03:45:00	MBS
338	13500.0	13500.0	13500.0	13500.0	400	2023-03-06 04:00:00	MBS
339	13500.0	13500.0	13400.0	13400.0	12900	2023-03-06 04:15:00	MBS
340	13400.0	13400.0	13400.0	13400.0	0	2023-03-06 04:30:00	MBS
341	13500.0	13500.0	13400.0	13400.0	42100	2023-03-06 06:00:00	MBS
342	13400.0	13400.0	13300.0	13400.0	71800	2023-03-06 06:15:00	MBS
343	13400.0	13400.0	13300.0	13400.0	13100	2023-03-06 06:30:00	MBS
344	13300.0	13300.0	13200.0	13300.0	150600	2023-03-06 06:45:00	MBS
345	13300.0	13300.0	13200.0	13200.0	72200	2023-03-06 07:00:00	MBS
346	13200.0	13200.0	13100.0	13200.0	120400	2023-03-06 07:15:00	MBS
347	13200.0	13200.0	13200.0	13200.0	0	2023-03-06 07:30:00	MBS
348	13100.0	13100.0	13100.0	13100.0	36400	2023-03-06 07:45:00	MBS
349	13100.0	13100.0	13100.0	13100.0	0	2023-03-06 08:00:00	MBS
350	13300.0	13300.0	13300.0	13300.0	0	2023-03-07 04:30:00	MBS
351	13300.0	13300.0	13200.0	13300.0	139800	2023-03-07 06:00:00	MBS
352	13300.0	13400.0	13300.0	13400.0	61300	2023-03-07 06:15:00	MBS
353	13400.0	13400.0	13300.0	13400.0	39100	2023-03-07 06:30:00	MBS
354	13300.0	13300.0	13200.0	13300.0	129700	2023-03-07 06:45:00	MBS
355	13300.0	13600.0	13300.0	13500.0	344500	2023-03-07 07:00:00	MBS
356	13600.0	13600.0	13300.0	13300.0	306700	2023-03-07 07:15:00	MBS
357	13300.0	13300.0	13300.0	13300.0	0	2023-03-07 07:30:00	MBS
358	13500.0	13500.0	13500.0	13500.0	36800	2023-03-07 07:45:00	MBS
359	13500.0	13500.0	13500.0	13500.0	0	2023-03-07 08:00:00	MBS
360	13300.0	13300.0	13300.0	13300.0	16800	2023-03-08 02:00:00	MBS
361	13300.0	13400.0	13200.0	13400.0	73600	2023-03-08 02:15:00	MBS
362	13400.0	13400.0	13300.0	13300.0	50100	2023-03-08 02:30:00	MBS
363	13300.0	13300.0	13200.0	13300.0	55900	2023-03-08 02:45:00	MBS
364	13300.0	13400.0	13300.0	13300.0	38200	2023-03-08 03:00:00	MBS
365	13300.0	13500.0	13300.0	13400.0	345500	2023-03-08 03:15:00	MBS
366	13400.0	13400.0	13300.0	13400.0	92500	2023-03-08 03:30:00	MBS
367	13400.0	13400.0	13300.0	13300.0	7300	2023-03-08 03:45:00	MBS
368	13300.0	13300.0	13300.0	13300.0	59700	2023-03-08 04:00:00	MBS
369	13400.0	13400.0	13400.0	13400.0	3600	2023-03-08 04:15:00	MBS
370	13400.0	13400.0	13400.0	13400.0	0	2023-03-08 04:30:00	MBS
371	13400.0	13400.0	13300.0	13400.0	15800	2023-03-08 06:00:00	MBS
372	13400.0	13400.0	13300.0	13400.0	14700	2023-03-08 06:15:00	MBS
373	13400.0	13500.0	13300.0	13400.0	139700	2023-03-08 06:30:00	MBS
374	13400.0	13500.0	13300.0	13500.0	72300	2023-03-08 06:45:00	MBS
375	13500.0	13500.0	13500.0	13500.0	481300	2023-03-08 07:00:00	MBS
376	13500.0	13800.0	13500.0	13700.0	479600	2023-03-08 07:15:00	MBS
377	13700.0	13700.0	13700.0	13700.0	0	2023-03-08 07:30:00	MBS
378	13900.0	13900.0	13900.0	13900.0	257000	2023-03-08 07:45:00	MBS
379	13900.0	13900.0	13900.0	13900.0	0	2023-03-08 08:00:00	MBS
380	13900.0	14000.0	13900.0	13900.0	32100	2023-03-09 02:00:00	MBS
381	13900.0	13900.0	13800.0	13800.0	115100	2023-03-09 02:15:00	MBS
382	13800.0	13900.0	13700.0	13800.0	108000	2023-03-09 02:30:00	MBS
383	13800.0	13900.0	13800.0	13800.0	42700	2023-03-09 02:45:00	MBS
384	13800.0	13800.0	13800.0	13800.0	52200	2023-03-09 03:00:00	MBS
385	13800.0	13800.0	13700.0	13800.0	32500	2023-03-09 03:15:00	MBS
386	13800.0	13800.0	13700.0	13800.0	179000	2023-03-09 03:30:00	MBS
387	13800.0	13900.0	13800.0	13800.0	175400	2023-03-09 03:45:00	MBS
388	13800.0	13800.0	13800.0	13800.0	28400	2023-03-09 04:00:00	MBS
389	13800.0	13900.0	13800.0	13800.0	41500	2023-03-09 04:15:00	MBS
390	13800.0	13800.0	13800.0	13800.0	0	2023-03-09 04:30:00	MBS
391	13800.0	14000.0	13800.0	14000.0	88500	2023-03-09 06:00:00	MBS
392	13900.0	13900.0	13800.0	13900.0	70500	2023-03-09 06:15:00	MBS
393	13800.0	13800.0	13800.0	13800.0	74500	2023-03-09 06:30:00	MBS
394	13800.0	13800.0	13800.0	13800.0	92800	2023-03-09 06:45:00	MBS
395	13900.0	13900.0	13800.0	13900.0	62200	2023-03-09 07:00:00	MBS
396	13900.0	14000.0	13900.0	13900.0	242900	2023-03-09 07:15:00	MBS
397	13900.0	13900.0	13900.0	13900.0	0	2023-03-09 07:30:00	MBS
398	13900.0	13900.0	13900.0	13900.0	54100	2023-03-09 07:45:00	MBS
399	13900.0	13900.0	13900.0	13900.0	0	2023-03-09 08:00:00	MBS
400	13700.0	13900.0	13600.0	13700.0	78600	2023-03-10 02:00:00	MBS
401	13600.0	13800.0	13600.0	13700.0	147300	2023-03-10 02:15:00	MBS
402	13700.0	13700.0	13600.0	13700.0	26400	2023-03-10 02:30:00	MBS
403	13600.0	13600.0	13600.0	13600.0	145000	2023-03-10 02:45:00	MBS
404	13600.0	13700.0	13500.0	13600.0	306800	2023-03-10 03:00:00	MBS
405	13600.0	13600.0	13500.0	13500.0	88300	2023-03-10 03:15:00	MBS
406	13600.0	13600.0	13500.0	13500.0	28800	2023-03-10 03:30:00	MBS
407	13600.0	13600.0	13600.0	13600.0	133100	2023-03-10 03:45:00	MBS
408	13600.0	13600.0	13500.0	13500.0	310200	2023-03-10 04:00:00	MBS
409	13500.0	13500.0	13400.0	13500.0	81500	2023-03-10 04:15:00	MBS
410	13500.0	13500.0	13500.0	13500.0	0	2023-03-10 04:30:00	MBS
411	13400.0	13500.0	13400.0	13500.0	128000	2023-03-10 06:00:00	MBS
412	13500.0	13600.0	13400.0	13600.0	45900	2023-03-10 06:15:00	MBS
413	13600.0	13600.0	13500.0	13600.0	204100	2023-03-10 06:30:00	MBS
414	13600.0	13700.0	13500.0	13700.0	115300	2023-03-10 06:45:00	MBS
415	13700.0	13700.0	13400.0	13500.0	238100	2023-03-10 07:00:00	MBS
416	13500.0	13500.0	13400.0	13500.0	154400	2023-03-10 07:15:00	MBS
417	13500.0	13500.0	13500.0	13500.0	2000	2023-03-10 07:30:00	MBS
418	13500.0	13500.0	13500.0	13500.0	73100	2023-03-10 07:45:00	MBS
419	13500.0	13500.0	13500.0	13500.0	0	2023-03-10 08:00:00	MBS
420	13500.0	13500.0	13300.0	13400.0	344800	2023-03-13 02:00:00	MBS
421	13400.0	13500.0	13400.0	13400.0	178200	2023-03-13 02:15:00	MBS
422	13400.0	13400.0	13300.0	13300.0	124600	2023-03-13 02:30:00	MBS
423	13300.0	13300.0	13300.0	13300.0	142700	2023-03-13 02:45:00	MBS
424	13300.0	13400.0	13300.0	13300.0	11800	2023-03-13 03:00:00	MBS
425	13300.0	13400.0	13300.0	13400.0	86800	2023-03-13 03:15:00	MBS
426	13400.0	13500.0	13400.0	13500.0	23800	2023-03-13 03:30:00	MBS
427	13500.0	13500.0	13400.0	13400.0	36000	2023-03-13 03:45:00	MBS
428	13500.0	13500.0	13400.0	13500.0	80600	2023-03-13 04:00:00	MBS
429	13500.0	13600.0	13500.0	13500.0	10700	2023-03-13 04:15:00	MBS
430	13500.0	13500.0	13500.0	13500.0	0	2023-03-13 04:30:00	MBS
431	13500.0	13600.0	13400.0	13600.0	89900	2023-03-13 06:00:00	MBS
432	13600.0	13600.0	13400.0	13400.0	44600	2023-03-13 06:15:00	MBS
433	13400.0	13500.0	13400.0	13400.0	22400	2023-03-13 06:30:00	MBS
434	13400.0	13600.0	13400.0	13600.0	178100	2023-03-13 06:45:00	MBS
435	13500.0	13600.0	13500.0	13600.0	66800	2023-03-13 07:00:00	MBS
436	13600.0	13600.0	13400.0	13400.0	125300	2023-03-13 07:15:00	MBS
437	13400.0	13400.0	13400.0	13400.0	0	2023-03-13 07:30:00	MBS
438	13600.0	13600.0	13600.0	13600.0	36900	2023-03-13 07:45:00	MBS
439	13600.0	13600.0	13600.0	13600.0	0	2023-03-13 08:00:00	MBS
440	12300.0	13600.0	12300.0	13500.0	8000	2023-03-14 02:00:00	MBS
441	13500.0	13500.0	13400.0	13500.0	5500	2023-03-14 02:15:00	MBS
442	13500.0	13500.0	13400.0	13500.0	21300	2023-03-14 02:30:00	MBS
443	13500.0	13500.0	13400.0	13400.0	17100	2023-03-14 02:45:00	MBS
444	13400.0	13400.0	13300.0	13300.0	91500	2023-03-14 03:00:00	MBS
445	13300.0	13400.0	13300.0	13300.0	108000	2023-03-14 03:15:00	MBS
446	13300.0	13400.0	13300.0	13400.0	19300	2023-03-14 03:30:00	MBS
447	13300.0	13300.0	13300.0	13300.0	75800	2023-03-14 03:45:00	MBS
448	13300.0	13300.0	13200.0	13200.0	96200	2023-03-14 04:00:00	MBS
449	13200.0	13200.0	13100.0	13100.0	407400	2023-03-14 04:15:00	MBS
450	13100.0	13100.0	13100.0	13100.0	700	2023-03-14 04:30:00	MBS
451	13100.0	13100.0	13000.0	13100.0	276200	2023-03-14 06:00:00	MBS
452	13100.0	13200.0	13000.0	13100.0	258600	2023-03-14 06:15:00	MBS
453	13100.0	13200.0	13000.0	13100.0	61700	2023-03-14 06:30:00	MBS
454	13100.0	13200.0	13100.0	13200.0	15100	2023-03-14 06:45:00	MBS
455	13200.0	13200.0	13100.0	13100.0	192100	2023-03-14 07:00:00	MBS
456	13100.0	13200.0	13100.0	13100.0	126000	2023-03-14 07:15:00	MBS
457	13100.0	13100.0	13100.0	13100.0	0	2023-03-14 07:30:00	MBS
458	13000.0	13000.0	13000.0	13000.0	76700	2023-03-14 07:45:00	MBS
459	13000.0	13000.0	13000.0	13000.0	0	2023-03-14 08:00:00	MBS
460	13400.0	13700.0	13300.0	13500.0	418800	2023-03-15 02:00:00	MBS
461	13600.0	13600.0	13500.0	13500.0	40800	2023-03-15 02:15:00	MBS
462	13500.0	13500.0	13500.0	13500.0	74700	2023-03-15 02:30:00	MBS
463	13500.0	13600.0	13500.0	13600.0	108100	2023-03-15 02:45:00	MBS
464	13500.0	13600.0	13500.0	13500.0	56000	2023-03-15 03:00:00	MBS
465	13600.0	13900.0	13600.0	13800.0	431700	2023-03-15 03:15:00	MBS
466	13800.0	13900.0	13700.0	13800.0	96100	2023-03-15 03:30:00	MBS
467	13700.0	14200.0	13700.0	14100.0	745000	2023-03-15 03:45:00	MBS
468	14100.0	14100.0	13900.0	14100.0	273500	2023-03-15 04:00:00	MBS
469	14100.0	14100.0	14000.0	14000.0	80900	2023-03-15 04:15:00	MBS
470	14000.0	14000.0	14000.0	14000.0	0	2023-03-15 04:30:00	MBS
471	14000.0	14100.0	13900.0	14000.0	260500	2023-03-15 06:00:00	MBS
472	14000.0	14100.0	13900.0	14100.0	100600	2023-03-15 06:15:00	MBS
473	14100.0	14100.0	14000.0	14100.0	85200	2023-03-15 06:30:00	MBS
474	14100.0	14100.0	14000.0	14100.0	297800	2023-03-15 06:45:00	MBS
475	14000.0	14100.0	14000.0	14000.0	127400	2023-03-15 07:00:00	MBS
476	14000.0	14200.0	14000.0	14200.0	373400	2023-03-15 07:15:00	MBS
477	14200.0	14200.0	14200.0	14200.0	0	2023-03-15 07:30:00	MBS
478	14200.0	14200.0	14200.0	14200.0	172900	2023-03-15 07:45:00	MBS
479	14200.0	14200.0	14200.0	14200.0	0	2023-03-15 08:00:00	MBS
480	14000.0	14100.0	13800.0	13900.0	189300	2023-03-16 02:00:00	MBS
481	13900.0	14100.0	13900.0	13900.0	271300	2023-03-16 02:15:00	MBS
482	13900.0	14000.0	13800.0	14000.0	103400	2023-03-16 02:30:00	MBS
483	14100.0	14200.0	14000.0	14200.0	118700	2023-03-16 02:45:00	MBS
484	14100.0	14100.0	13900.0	13900.0	122800	2023-03-16 03:00:00	MBS
485	14000.0	14000.0	13900.0	13900.0	74600	2023-03-16 03:15:00	MBS
486	13900.0	14000.0	13900.0	13900.0	55600	2023-03-16 03:30:00	MBS
487	13900.0	13900.0	13800.0	13900.0	48800	2023-03-16 03:45:00	MBS
488	13900.0	13900.0	13800.0	13800.0	15700	2023-03-16 04:00:00	MBS
489	13800.0	13900.0	13800.0	13900.0	125200	2023-03-16 04:15:00	MBS
490	13900.0	13900.0	13900.0	13900.0	1700	2023-03-16 04:30:00	MBS
491	13900.0	13900.0	13800.0	13900.0	89600	2023-03-16 06:00:00	MBS
492	13900.0	14000.0	13800.0	13900.0	190700	2023-03-16 06:15:00	MBS
493	13900.0	14000.0	13800.0	14000.0	76000	2023-03-16 06:30:00	MBS
494	13900.0	13900.0	13800.0	13900.0	103400	2023-03-16 06:45:00	MBS
495	13900.0	13900.0	13800.0	13900.0	129400	2023-03-16 07:00:00	MBS
496	13900.0	13900.0	13700.0	13700.0	262400	2023-03-16 07:15:00	MBS
497	13700.0	13700.0	13700.0	13700.0	0	2023-03-16 07:30:00	MBS
498	13700.0	13700.0	13700.0	13700.0	70900	2023-03-16 07:45:00	MBS
499	13700.0	13700.0	13700.0	13700.0	0	2023-03-16 08:00:00	MBS
500	13700.0	14100.0	13700.0	14000.0	153200	2023-03-17 02:00:00	MBS
501	14000.0	14100.0	14000.0	14000.0	47200	2023-03-17 02:15:00	MBS
502	14000.0	14000.0	13900.0	13900.0	22100	2023-03-17 02:30:00	MBS
503	14000.0	14000.0	13900.0	14000.0	42300	2023-03-17 02:45:00	MBS
504	14000.0	14000.0	13900.0	13900.0	145400	2023-03-17 03:00:00	MBS
505	13900.0	13900.0	13800.0	13900.0	22100	2023-03-17 03:15:00	MBS
506	13900.0	13900.0	13900.0	13900.0	102400	2023-03-17 03:30:00	MBS
507	13800.0	13800.0	13800.0	13800.0	5000	2023-03-17 03:45:00	MBS
508	13800.0	13900.0	13800.0	13800.0	51200	2023-03-17 04:00:00	MBS
509	13800.0	13900.0	13800.0	13800.0	27500	2023-03-17 04:15:00	MBS
510	13800.0	13800.0	13800.0	13800.0	0	2023-03-17 04:30:00	MBS
511	13800.0	13900.0	13700.0	13800.0	197100	2023-03-17 06:00:00	MBS
512	13800.0	13900.0	13700.0	13800.0	89300	2023-03-17 06:15:00	MBS
513	13800.0	13800.0	13700.0	13800.0	125300	2023-03-17 06:30:00	MBS
514	13800.0	13800.0	13700.0	13800.0	103200	2023-03-17 06:45:00	MBS
515	13800.0	13900.0	13700.0	13800.0	174600	2023-03-17 07:00:00	MBS
516	13800.0	13800.0	13700.0	13700.0	212900	2023-03-17 07:15:00	MBS
517	13700.0	13700.0	13700.0	13700.0	0	2023-03-17 07:30:00	MBS
518	13700.0	13700.0	13700.0	13700.0	68900	2023-03-17 07:45:00	MBS
519	13700.0	13700.0	13700.0	13700.0	0	2023-03-17 08:00:00	MBS
520	13700.0	13700.0	13600.0	13700.0	31300	2023-03-20 02:00:00	MBS
521	13700.0	13700.0	13600.0	13700.0	38300	2023-03-20 02:15:00	MBS
522	13700.0	13700.0	13600.0	13700.0	62700	2023-03-20 02:30:00	MBS
523	13600.0	13800.0	13600.0	13800.0	117500	2023-03-20 02:45:00	MBS
524	13800.0	13800.0	13700.0	13700.0	83800	2023-03-20 03:00:00	MBS
525	13700.0	13700.0	13500.0	13600.0	172600	2023-03-20 03:15:00	MBS
526	13600.0	13700.0	13500.0	13500.0	196600	2023-03-20 03:30:00	MBS
527	13500.0	13600.0	13500.0	13600.0	57400	2023-03-20 03:45:00	MBS
528	13600.0	13700.0	13500.0	13600.0	22300	2023-03-20 04:00:00	MBS
529	13500.0	13600.0	13500.0	13500.0	25300	2023-03-20 04:15:00	MBS
530	13500.0	13500.0	13500.0	13500.0	0	2023-03-20 04:30:00	MBS
531	13500.0	13600.0	13400.0	13500.0	131200	2023-03-20 06:00:00	MBS
532	13500.0	13600.0	13400.0	13500.0	69800	2023-03-20 06:15:00	MBS
533	13500.0	13500.0	13400.0	13500.0	45300	2023-03-20 06:30:00	MBS
534	13500.0	13500.0	13300.0	13300.0	262700	2023-03-20 06:45:00	MBS
535	13300.0	13500.0	13300.0	13300.0	181000	2023-03-20 07:00:00	MBS
536	13300.0	13500.0	13200.0	13200.0	217200	2023-03-20 07:15:00	MBS
537	13200.0	13200.0	13200.0	13200.0	0	2023-03-20 07:30:00	MBS
538	13300.0	13300.0	13300.0	13300.0	102000	2023-03-20 07:45:00	MBS
539	13300.0	13300.0	13300.0	13300.0	0	2023-03-20 08:00:00	MBS
540	13300.0	13500.0	13300.0	13500.0	91000	2023-03-21 02:00:00	MBS
541	13500.0	13500.0	13400.0	13400.0	36400	2023-03-21 02:15:00	MBS
542	13400.0	13400.0	13300.0	13400.0	67100	2023-03-21 02:30:00	MBS
543	13400.0	13400.0	13300.0	13400.0	19500	2023-03-21 02:45:00	MBS
544	13400.0	13400.0	13300.0	13400.0	62300	2023-03-21 03:00:00	MBS
545	13500.0	13500.0	13400.0	13400.0	21100	2023-03-21 03:15:00	MBS
546	13400.0	13500.0	13400.0	13400.0	34000	2023-03-21 03:30:00	MBS
547	13400.0	13400.0	13400.0	13400.0	16300	2023-03-21 03:45:00	MBS
548	13300.0	13300.0	13300.0	13300.0	135900	2023-03-21 04:00:00	MBS
549	13300.0	13400.0	13200.0	13400.0	85500	2023-03-21 04:15:00	MBS
550	13400.0	13400.0	13400.0	13400.0	0	2023-03-21 04:30:00	MBS
551	13300.0	13500.0	13300.0	13500.0	218800	2023-03-21 06:00:00	MBS
552	13500.0	13600.0	13400.0	13500.0	146400	2023-03-21 06:15:00	MBS
553	13500.0	13500.0	13400.0	13400.0	99900	2023-03-21 06:30:00	MBS
554	13400.0	13500.0	13400.0	13500.0	100200	2023-03-21 06:45:00	MBS
555	13500.0	13600.0	13400.0	13600.0	110800	2023-03-21 07:00:00	MBS
556	13600.0	13700.0	13500.0	13600.0	220300	2023-03-21 07:15:00	MBS
557	13600.0	13600.0	13600.0	13600.0	0	2023-03-21 07:30:00	MBS
558	13600.0	13600.0	13600.0	13600.0	30100	2023-03-21 07:45:00	MBS
559	13600.0	13600.0	13600.0	13600.0	0	2023-03-21 08:00:00	MBS
560	13600.0	13900.0	13600.0	13900.0	202500	2023-03-22 02:00:00	MBS
561	13900.0	13900.0	13800.0	13800.0	40000	2023-03-22 02:15:00	MBS
562	13800.0	13800.0	13800.0	13800.0	70400	2023-03-22 02:30:00	MBS
563	13800.0	13800.0	13700.0	13700.0	47200	2023-03-22 02:45:00	MBS
564	13700.0	13700.0	13600.0	13700.0	35000	2023-03-22 03:00:00	MBS
565	13700.0	13900.0	13700.0	13900.0	64000	2023-03-22 03:15:00	MBS
566	13900.0	13900.0	13800.0	13800.0	116300	2023-03-22 03:30:00	MBS
567	13800.0	13800.0	13800.0	13800.0	5400	2023-03-22 03:45:00	MBS
568	13800.0	13900.0	13700.0	13900.0	85000	2023-03-22 04:00:00	MBS
569	13900.0	13900.0	13800.0	13900.0	137900	2023-03-22 04:15:00	MBS
570	14000.0	14000.0	14000.0	14000.0	50000	2023-03-22 04:30:00	MBS
571	13900.0	14000.0	13800.0	13800.0	170800	2023-03-22 06:00:00	MBS
572	13800.0	13800.0	13700.0	13800.0	160900	2023-03-22 06:15:00	MBS
573	13800.0	13900.0	13800.0	13800.0	46500	2023-03-22 06:30:00	MBS
574	13800.0	13800.0	13700.0	13700.0	10500	2023-03-22 06:45:00	MBS
575	13800.0	13800.0	13700.0	13800.0	49800	2023-03-22 07:00:00	MBS
576	13700.0	13800.0	13600.0	13600.0	310000	2023-03-22 07:15:00	MBS
577	13600.0	13600.0	13600.0	13600.0	0	2023-03-22 07:30:00	MBS
578	13700.0	13700.0	13700.0	13700.0	72800	2023-03-22 07:45:00	MBS
579	13700.0	13700.0	13700.0	13700.0	0	2023-03-22 08:00:00	MBS
580	13600.0	13600.0	13500.0	13500.0	49600	2023-03-23 02:00:00	MBS
581	13500.0	13700.0	13500.0	13600.0	56800	2023-03-23 02:15:00	MBS
582	13600.0	13600.0	13500.0	13600.0	24300	2023-03-23 02:30:00	MBS
583	13700.0	13800.0	13700.0	13800.0	128300	2023-03-23 02:45:00	MBS
584	13800.0	13800.0	13700.0	13700.0	23100	2023-03-23 03:00:00	MBS
585	13700.0	13800.0	13700.0	13700.0	65900	2023-03-23 03:15:00	MBS
586	13600.0	13700.0	13600.0	13700.0	15900	2023-03-23 03:30:00	MBS
587	13700.0	13700.0	13600.0	13600.0	70100	2023-03-23 03:45:00	MBS
588	13600.0	13700.0	13600.0	13700.0	3100	2023-03-23 04:00:00	MBS
589	13700.0	13700.0	13600.0	13600.0	72100	2023-03-23 04:15:00	MBS
590	13600.0	13600.0	13600.0	13600.0	0	2023-03-23 04:30:00	MBS
591	13600.0	13700.0	13600.0	13600.0	25200	2023-03-23 06:00:00	MBS
592	13600.0	13800.0	13600.0	13700.0	147600	2023-03-23 06:15:00	MBS
593	13700.0	13900.0	13700.0	13800.0	326300	2023-03-23 06:30:00	MBS
594	13800.0	14000.0	13800.0	14000.0	297600	2023-03-23 06:45:00	MBS
595	14000.0	14100.0	13800.0	13900.0	385100	2023-03-23 07:00:00	MBS
596	13800.0	14000.0	13800.0	14000.0	566100	2023-03-23 07:15:00	MBS
597	14000.0	14000.0	14000.0	14000.0	8200	2023-03-23 07:30:00	MBS
598	14000.0	14000.0	14000.0	14000.0	98300	2023-03-23 07:45:00	MBS
599	14000.0	14000.0	14000.0	14000.0	0	2023-03-23 08:00:00	MBS
600	14500.0	14500.0	14500.0	14500.0	0	2023-03-24 04:30:00	MBS
601	14500.0	14500.0	14300.0	14400.0	206700	2023-03-24 06:00:00	MBS
602	14400.0	14500.0	14400.0	14400.0	79100	2023-03-24 06:15:00	MBS
603	14500.0	14500.0	14400.0	14400.0	238300	2023-03-24 06:30:00	MBS
604	14400.0	14500.0	14400.0	14500.0	163100	2023-03-24 06:45:00	MBS
605	14500.0	14500.0	14300.0	14300.0	166300	2023-03-24 07:00:00	MBS
606	14300.0	14400.0	14200.0	14300.0	371000	2023-03-24 07:15:00	MBS
607	14300.0	14300.0	14300.0	14300.0	0	2023-03-24 07:30:00	MBS
608	14300.0	14300.0	14300.0	14300.0	130600	2023-03-24 07:45:00	MBS
609	14300.0	14300.0	14300.0	14300.0	0	2023-03-24 08:00:00	MBS
610	14600.0	14600.0	14300.0	14400.0	58900	2023-03-27 02:00:00	MBS
611	14400.0	14500.0	14400.0	14400.0	117000	2023-03-27 02:15:00	MBS
612	14400.0	14700.0	14400.0	14700.0	251400	2023-03-27 02:30:00	MBS
613	14700.0	14700.0	14500.0	14500.0	100300	2023-03-27 02:45:00	MBS
614	14500.0	14600.0	14500.0	14600.0	18800	2023-03-27 03:00:00	MBS
615	14600.0	14800.0	14600.0	14700.0	524400	2023-03-27 03:15:00	MBS
616	14700.0	14700.0	14600.0	14600.0	49700	2023-03-27 03:30:00	MBS
617	14600.0	14800.0	14600.0	14800.0	211800	2023-03-27 03:45:00	MBS
618	14800.0	14800.0	14700.0	14800.0	31200	2023-03-27 04:00:00	MBS
619	14700.0	14800.0	14600.0	14600.0	138800	2023-03-27 04:15:00	MBS
620	14600.0	14600.0	14600.0	14600.0	0	2023-03-27 04:30:00	MBS
621	14600.0	14700.0	14500.0	14600.0	526000	2023-03-27 06:00:00	MBS
622	14600.0	14600.0	14500.0	14600.0	149300	2023-03-27 06:15:00	MBS
623	14500.0	14700.0	14500.0	14600.0	239200	2023-03-27 06:30:00	MBS
624	14700.0	14700.0	14600.0	14600.0	135800	2023-03-27 06:45:00	MBS
625	14600.0	14800.0	14600.0	14600.0	209900	2023-03-27 07:00:00	MBS
626	14600.0	14700.0	14500.0	14500.0	284400	2023-03-27 07:15:00	MBS
627	14500.0	14500.0	14500.0	14500.0	0	2023-03-27 07:30:00	MBS
628	14500.0	14500.0	14500.0	14500.0	63000	2023-03-27 07:45:00	MBS
629	14500.0	14500.0	14500.0	14500.0	0	2023-03-27 08:00:00	MBS
630	14700.0	14800.0	14700.0	14700.0	218700	2023-03-28 02:00:00	MBS
631	14700.0	14900.0	14700.0	14800.0	227000	2023-03-28 02:15:00	MBS
632	14800.0	14900.0	14800.0	14800.0	194100	2023-03-28 02:30:00	MBS
633	14800.0	14900.0	14700.0	14700.0	204300	2023-03-28 02:45:00	MBS
634	14700.0	14700.0	14600.0	14600.0	90700	2023-03-28 03:00:00	MBS
635	14600.0	14600.0	14500.0	14600.0	229000	2023-03-28 03:15:00	MBS
636	14600.0	14600.0	14500.0	14600.0	155800	2023-03-28 03:30:00	MBS
637	14600.0	14600.0	14500.0	14500.0	29400	2023-03-28 03:45:00	MBS
638	14600.0	14700.0	14600.0	14700.0	40500	2023-03-28 04:00:00	MBS
639	14600.0	14700.0	14600.0	14700.0	4200	2023-03-28 04:15:00	MBS
640	14700.0	14700.0	14700.0	14700.0	0	2023-03-28 04:30:00	MBS
641	14700.0	14700.0	14500.0	14600.0	123600	2023-03-28 06:00:00	MBS
642	14600.0	14600.0	14500.0	14500.0	84300	2023-03-28 06:15:00	MBS
643	14500.0	14600.0	14500.0	14500.0	264500	2023-03-28 06:30:00	MBS
644	14600.0	14600.0	14500.0	14600.0	145600	2023-03-28 06:45:00	MBS
645	14600.0	14600.0	14500.0	14600.0	118100	2023-03-28 07:00:00	MBS
646	14500.0	14600.0	14400.0	14400.0	471000	2023-03-28 07:15:00	MBS
647	14400.0	14400.0	14400.0	14400.0	0	2023-03-28 07:30:00	MBS
648	14400.0	14400.0	14400.0	14400.0	99600	2023-03-28 07:45:00	MBS
649	14400.0	14400.0	14400.0	14400.0	0	2023-03-28 08:00:00	MBS
650	14400.0	14400.0	14400.0	14400.0	34900	2023-03-29 02:00:00	MBS
651	14400.0	14400.0	14400.0	14400.0	61600	2023-03-29 02:15:00	MBS
652	14400.0	14500.0	14400.0	14500.0	42500	2023-03-29 02:30:00	MBS
653	14400.0	14600.0	14400.0	14600.0	245800	2023-03-29 02:45:00	MBS
654	14600.0	14600.0	14500.0	14500.0	48600	2023-03-29 03:00:00	MBS
655	14500.0	14500.0	14400.0	14500.0	69600	2023-03-29 03:15:00	MBS
656	14500.0	14500.0	14400.0	14500.0	47900	2023-03-29 03:30:00	MBS
657	14500.0	14500.0	14400.0	14500.0	102000	2023-03-29 03:45:00	MBS
658	14500.0	14500.0	14400.0	14400.0	13800	2023-03-29 04:00:00	MBS
659	14400.0	14400.0	14300.0	14300.0	270500	2023-03-29 04:15:00	MBS
660	14300.0	14300.0	14300.0	14300.0	100	2023-03-29 04:30:00	MBS
661	14300.0	14400.0	14300.0	14400.0	121200	2023-03-29 06:00:00	MBS
662	14400.0	14600.0	14400.0	14400.0	218000	2023-03-29 06:15:00	MBS
663	14400.0	14600.0	14400.0	14600.0	147100	2023-03-29 06:30:00	MBS
664	14600.0	14700.0	14500.0	14500.0	381000	2023-03-29 06:45:00	MBS
665	14500.0	14600.0	14400.0	14500.0	210100	2023-03-29 07:00:00	MBS
666	14500.0	14500.0	14300.0	14500.0	390200	2023-03-29 07:15:00	MBS
667	14500.0	14500.0	14500.0	14500.0	0	2023-03-29 07:30:00	MBS
668	14600.0	14600.0	14600.0	14600.0	178700	2023-03-29 07:45:00	MBS
669	14600.0	14600.0	14600.0	14600.0	0	2023-03-29 08:00:00	MBS
670	14700.0	15500.0	14600.0	15200.0	694300	2023-03-30 02:00:00	MBS
671	15200.0	15300.0	15100.0	15200.0	393900	2023-03-30 02:15:00	MBS
672	15100.0	15200.0	15000.0	15100.0	562500	2023-03-30 02:30:00	MBS
673	15200.0	15300.0	15100.0	15200.0	501100	2023-03-30 02:45:00	MBS
674	15200.0	15200.0	15200.0	15200.0	130300	2023-03-30 03:00:00	MBS
675	15200.0	15300.0	15100.0	15200.0	175700	2023-03-30 03:15:00	MBS
676	15200.0	15200.0	15100.0	15200.0	55200	2023-03-30 03:30:00	MBS
677	15200.0	15200.0	15100.0	15200.0	72500	2023-03-30 03:45:00	MBS
678	15200.0	15200.0	14900.0	15000.0	594300	2023-03-30 04:00:00	MBS
679	15000.0	15000.0	15000.0	15000.0	122700	2023-03-30 04:15:00	MBS
680	15000.0	15000.0	15000.0	15000.0	100	2023-03-30 04:30:00	MBS
681	14900.0	15000.0	14900.0	15000.0	195300	2023-03-30 06:00:00	MBS
682	15000.0	15100.0	15000.0	15000.0	235000	2023-03-30 06:15:00	MBS
683	15000.0	15000.0	14900.0	15000.0	278800	2023-03-30 06:30:00	MBS
684	14900.0	15000.0	14900.0	14900.0	228900	2023-03-30 06:45:00	MBS
685	14900.0	15100.0	14900.0	14900.0	295200	2023-03-30 07:00:00	MBS
686	14900.0	15000.0	14800.0	14900.0	224300	2023-03-30 07:15:00	MBS
687	14900.0	14900.0	14900.0	14900.0	0	2023-03-30 07:30:00	MBS
688	14800.0	14800.0	14800.0	14800.0	138700	2023-03-30 07:45:00	MBS
689	14800.0	14800.0	14800.0	14800.0	0	2023-03-30 08:00:00	MBS
690	14800.0	14900.0	14800.0	14800.0	13100	2023-03-31 02:00:00	MBS
691	14800.0	14900.0	14800.0	14900.0	104300	2023-03-31 02:15:00	MBS
692	14900.0	14900.0	14800.0	14800.0	248900	2023-03-31 02:30:00	MBS
693	14800.0	14900.0	14700.0	14800.0	88100	2023-03-31 02:45:00	MBS
694	14800.0	14800.0	14700.0	14800.0	116500	2023-03-31 03:00:00	MBS
695	14800.0	15000.0	14800.0	14900.0	168100	2023-03-31 03:15:00	MBS
696	14900.0	15500.0	14900.0	15300.0	965800	2023-03-31 03:30:00	MBS
697	15300.0	15400.0	15200.0	15200.0	233800	2023-03-31 03:45:00	MBS
698	15200.0	15300.0	15200.0	15200.0	112100	2023-03-31 04:00:00	MBS
699	15200.0	15300.0	15200.0	15300.0	359700	2023-03-31 04:15:00	MBS
700	15300.0	15300.0	15300.0	15300.0	0	2023-03-31 04:30:00	MBS
701	15300.0	15700.0	15200.0	15600.0	1719700	2023-03-31 06:00:00	MBS
702	15700.0	15700.0	15500.0	15600.0	999800	2023-03-31 06:15:00	MBS
703	15600.0	15700.0	15500.0	15500.0	466900	2023-03-31 06:30:00	MBS
704	15500.0	15600.0	15400.0	15500.0	737400	2023-03-31 06:45:00	MBS
705	15500.0	15700.0	15400.0	15600.0	599000	2023-03-31 07:00:00	MBS
706	15600.0	15800.0	15600.0	15800.0	597800	2023-03-31 07:15:00	MBS
707	15800.0	15800.0	15800.0	15800.0	9800	2023-03-31 07:30:00	MBS
708	15800.0	15800.0	15800.0	15800.0	279400	2023-03-31 07:45:00	MBS
709	15800.0	15800.0	15800.0	15800.0	0	2023-03-31 08:00:00	MBS
710	16100.0	16700.0	16000.0	16700.0	676700	2023-04-03 02:00:00	MBS
711	16700.0	16700.0	16400.0	16400.0	338200	2023-04-03 02:15:00	MBS
712	16400.0	16600.0	16400.0	16500.0	369000	2023-04-03 02:30:00	MBS
713	16500.0	16600.0	16500.0	16500.0	390700	2023-04-03 02:45:00	MBS
714	16600.0	16600.0	16500.0	16500.0	214200	2023-04-03 03:00:00	MBS
715	16500.0	16600.0	16400.0	16500.0	80000	2023-04-03 03:15:00	MBS
716	16500.0	16600.0	16500.0	16500.0	79100	2023-04-03 03:30:00	MBS
717	16500.0	16600.0	16500.0	16500.0	156000	2023-04-03 03:45:00	MBS
718	16500.0	16600.0	16500.0	16600.0	97100	2023-04-03 04:00:00	MBS
719	16600.0	16600.0	16400.0	16600.0	218800	2023-04-03 04:15:00	MBS
720	16600.0	16600.0	16600.0	16600.0	0	2023-04-03 04:30:00	MBS
721	16600.0	16600.0	16400.0	16400.0	528800	2023-04-03 06:00:00	MBS
722	16400.0	16500.0	16400.0	16500.0	170300	2023-04-03 06:15:00	MBS
723	16400.0	16500.0	16300.0	16400.0	223000	2023-04-03 06:30:00	MBS
724	16400.0	16500.0	16400.0	16400.0	45700	2023-04-03 06:45:00	MBS
725	16500.0	16500.0	16400.0	16400.0	104500	2023-04-03 07:00:00	MBS
726	16400.0	16500.0	16400.0	16500.0	233800	2023-04-03 07:15:00	MBS
727	16500.0	16500.0	16500.0	16500.0	0	2023-04-03 07:30:00	MBS
728	16500.0	16500.0	16500.0	16500.0	109400	2023-04-03 07:45:00	MBS
729	16500.0	16500.0	16500.0	16500.0	0	2023-04-03 08:00:00	MBS
730	16500.0	16700.0	16500.0	16500.0	337200	2023-04-04 02:00:00	MBS
731	16500.0	16500.0	16400.0	16400.0	168300	2023-04-04 02:15:00	MBS
732	16400.0	16600.0	16400.0	16500.0	137800	2023-04-04 02:30:00	MBS
733	16500.0	16500.0	16300.0	16300.0	206300	2023-04-04 02:45:00	MBS
734	16300.0	16400.0	16200.0	16300.0	111100	2023-04-04 03:00:00	MBS
735	16300.0	16800.0	16200.0	16600.0	770200	2023-04-04 03:15:00	MBS
736	16600.0	16800.0	16600.0	16700.0	98300	2023-04-04 03:30:00	MBS
737	16700.0	16800.0	16600.0	16600.0	100000	2023-04-04 03:45:00	MBS
738	16600.0	16600.0	16500.0	16600.0	95700	2023-04-04 04:00:00	MBS
739	16600.0	16700.0	16500.0	16600.0	205500	2023-04-04 04:15:00	MBS
740	16600.0	16600.0	16600.0	16600.0	0	2023-04-04 04:30:00	MBS
741	16600.0	16700.0	16500.0	16600.0	484700	2023-04-04 06:00:00	MBS
742	16700.0	16800.0	16600.0	16700.0	364900	2023-04-04 06:15:00	MBS
743	16700.0	16700.0	16500.0	16700.0	210500	2023-04-04 06:30:00	MBS
744	16600.0	16700.0	16600.0	16700.0	203400	2023-04-04 06:45:00	MBS
745	16700.0	17000.0	16700.0	16900.0	524700	2023-04-04 07:00:00	MBS
746	16900.0	17000.0	16800.0	16900.0	330500	2023-04-04 07:15:00	MBS
747	16900.0	16900.0	16900.0	16900.0	0	2023-04-04 07:30:00	MBS
748	16900.0	16900.0	16900.0	16900.0	114200	2023-04-04 07:45:00	MBS
749	16900.0	16900.0	16900.0	16900.0	0	2023-04-04 08:00:00	MBS
750	16800.0	17000.0	16600.0	16800.0	104200	2023-04-05 02:00:00	MBS
751	16800.0	16900.0	16700.0	16800.0	111000	2023-04-05 02:15:00	MBS
752	16800.0	17000.0	16800.0	16800.0	391100	2023-04-05 02:30:00	MBS
753	16800.0	16800.0	16600.0	16800.0	252000	2023-04-05 02:45:00	MBS
754	16800.0	16900.0	16700.0	16900.0	260900	2023-04-05 03:00:00	MBS
755	16900.0	16900.0	16800.0	16800.0	317600	2023-04-05 03:15:00	MBS
756	16800.0	16800.0	16700.0	16800.0	151800	2023-04-05 03:30:00	MBS
757	16800.0	16800.0	16700.0	16700.0	122100	2023-04-05 03:45:00	MBS
758	16700.0	16800.0	16600.0	16700.0	254700	2023-04-05 04:00:00	MBS
759	16700.0	16700.0	16500.0	16700.0	271000	2023-04-05 04:15:00	MBS
760	16700.0	16700.0	16700.0	16700.0	0	2023-04-05 04:30:00	MBS
761	16700.0	16800.0	16500.0	16700.0	313700	2023-04-05 06:00:00	MBS
762	16700.0	16800.0	16700.0	16700.0	268600	2023-04-05 06:15:00	MBS
763	16700.0	16800.0	16600.0	16800.0	342900	2023-04-05 06:30:00	MBS
764	16800.0	16900.0	16700.0	16900.0	284000	2023-04-05 06:45:00	MBS
765	16900.0	16900.0	16700.0	16800.0	342300	2023-04-05 07:00:00	MBS
766	16800.0	16900.0	16600.0	16900.0	239500	2023-04-05 07:15:00	MBS
767	16900.0	16900.0	16900.0	16900.0	0	2023-04-05 07:30:00	MBS
768	16800.0	16800.0	16800.0	16800.0	261300	2023-04-05 07:45:00	MBS
769	16800.0	16800.0	16800.0	16800.0	0	2023-04-05 08:00:00	MBS
770	16800.0	16900.0	16800.0	16900.0	195400	2023-04-06 02:00:00	MBS
771	16900.0	17000.0	16800.0	16800.0	165800	2023-04-06 02:15:00	MBS
772	16800.0	17000.0	16800.0	16900.0	137700	2023-04-06 02:30:00	MBS
773	16900.0	17200.0	16900.0	17100.0	583400	2023-04-06 02:45:00	MBS
774	17100.0	17200.0	16900.0	16900.0	374100	2023-04-06 03:00:00	MBS
775	16900.0	16900.0	16800.0	16900.0	134500	2023-04-06 03:15:00	MBS
776	16900.0	16900.0	16700.0	16800.0	214000	2023-04-06 03:30:00	MBS
777	16800.0	16900.0	16800.0	16800.0	156700	2023-04-06 03:45:00	MBS
778	16800.0	16800.0	16700.0	16700.0	57100	2023-04-06 04:00:00	MBS
779	16700.0	16800.0	16700.0	16800.0	91900	2023-04-06 04:15:00	MBS
780	16800.0	16800.0	16800.0	16800.0	0	2023-04-06 04:30:00	MBS
781	16800.0	16800.0	16600.0	16600.0	389200	2023-04-06 06:00:00	MBS
782	16600.0	16700.0	16600.0	16700.0	176300	2023-04-06 06:15:00	MBS
783	16700.0	16700.0	16500.0	16600.0	246300	2023-04-06 06:30:00	MBS
784	16600.0	16800.0	16600.0	16700.0	178000	2023-04-06 06:45:00	MBS
785	16700.0	16700.0	16100.0	16200.0	988300	2023-04-06 07:00:00	MBS
786	16200.0	16500.0	15900.0	16100.0	1393700	2023-04-06 07:15:00	MBS
787	16100.0	16100.0	16100.0	16100.0	0	2023-04-06 07:30:00	MBS
788	16000.0	16000.0	16000.0	16000.0	519000	2023-04-06 07:45:00	MBS
789	16000.0	16000.0	16000.0	16000.0	0	2023-04-06 08:00:00	MBS
790	16000.0	16400.0	16000.0	16200.0	259000	2023-04-07 02:00:00	MBS
791	16200.0	16300.0	16100.0	16100.0	328100	2023-04-07 02:15:00	MBS
792	16100.0	16500.0	16100.0	16400.0	405900	2023-04-07 02:30:00	MBS
793	16500.0	16500.0	16300.0	16400.0	293600	2023-04-07 02:45:00	MBS
794	16400.0	16400.0	16200.0	16400.0	189300	2023-04-07 03:00:00	MBS
795	16400.0	17100.0	16400.0	16800.0	1116400	2023-04-07 03:15:00	MBS
796	16800.0	16900.0	16600.0	16800.0	229200	2023-04-07 03:30:00	MBS
797	16800.0	16900.0	16700.0	16700.0	173200	2023-04-07 03:45:00	MBS
798	16700.0	16700.0	16600.0	16700.0	44200	2023-04-07 04:00:00	MBS
799	16600.0	16700.0	16500.0	16500.0	249300	2023-04-07 04:15:00	MBS
800	16600.0	16600.0	16600.0	16600.0	1000	2023-04-07 04:30:00	MBS
801	16500.0	16700.0	16500.0	16700.0	333400	2023-04-07 06:00:00	MBS
802	16700.0	16700.0	16600.0	16700.0	251200	2023-04-07 06:15:00	MBS
803	16700.0	16700.0	16500.0	16500.0	209500	2023-04-07 06:30:00	MBS
804	16500.0	16800.0	16400.0	16800.0	502900	2023-04-07 06:45:00	MBS
805	16900.0	16900.0	16600.0	16900.0	455400	2023-04-07 07:00:00	MBS
806	16900.0	16900.0	16500.0	16700.0	589900	2023-04-07 07:15:00	MBS
807	16700.0	16700.0	16700.0	16700.0	0	2023-04-07 07:30:00	MBS
808	16900.0	16900.0	16900.0	16900.0	416500	2023-04-07 07:45:00	MBS
809	16900.0	16900.0	16900.0	16900.0	0	2023-04-07 08:00:00	MBS
810	17000.0	17300.0	17000.0	17300.0	273400	2023-04-10 02:00:00	MBS
811	17200.0	17300.0	17100.0	17300.0	302700	2023-04-10 02:15:00	MBS
812	17200.0	17300.0	17100.0	17200.0	183000	2023-04-10 02:30:00	MBS
813	17200.0	17300.0	17100.0	17300.0	247200	2023-04-10 02:45:00	MBS
814	17300.0	17500.0	17200.0	17400.0	426600	2023-04-10 03:00:00	MBS
815	17400.0	17500.0	17400.0	17500.0	204600	2023-04-10 03:15:00	MBS
816	17500.0	17500.0	17300.0	17300.0	133800	2023-04-10 03:30:00	MBS
817	17300.0	17400.0	17300.0	17400.0	140700	2023-04-10 03:45:00	MBS
818	17400.0	17400.0	17200.0	17200.0	77900	2023-04-10 04:00:00	MBS
819	17200.0	17300.0	17100.0	17200.0	144800	2023-04-10 04:15:00	MBS
820	17200.0	17200.0	17200.0	17200.0	0	2023-04-10 04:30:00	MBS
821	17100.0	17200.0	17000.0	17100.0	352200	2023-04-10 06:00:00	MBS
822	17100.0	17200.0	17000.0	17100.0	174300	2023-04-10 06:15:00	MBS
823	17100.0	17200.0	17000.0	17100.0	118400	2023-04-10 06:30:00	MBS
824	17100.0	17100.0	16600.0	16900.0	459200	2023-04-10 06:45:00	MBS
825	17000.0	17000.0	16300.0	16500.0	685600	2023-04-10 07:00:00	MBS
826	16500.0	16900.0	16300.0	16700.0	576700	2023-04-10 07:15:00	MBS
827	16700.0	16700.0	16700.0	16700.0	0	2023-04-10 07:30:00	MBS
828	16700.0	16700.0	16700.0	16700.0	136800	2023-04-10 07:45:00	MBS
829	16700.0	16700.0	16700.0	16700.0	0	2023-04-10 08:00:00	MBS
830	16700.0	16800.0	16600.0	16700.0	45400	2023-04-11 02:00:00	MBS
831	16700.0	16900.0	16600.0	16800.0	192000	2023-04-11 02:15:00	MBS
832	16800.0	16800.0	16600.0	16600.0	99200	2023-04-11 02:30:00	MBS
833	16600.0	16800.0	16600.0	16700.0	112300	2023-04-11 02:45:00	MBS
834	16700.0	16800.0	16600.0	16700.0	49300	2023-04-11 03:00:00	MBS
835	16700.0	16700.0	16700.0	16700.0	81300	2023-04-11 03:15:00	MBS
836	16600.0	16700.0	16600.0	16600.0	48700	2023-04-11 03:30:00	MBS
837	16600.0	16700.0	16400.0	16700.0	312800	2023-04-11 03:45:00	MBS
838	16700.0	16800.0	16600.0	16600.0	219700	2023-04-11 04:00:00	MBS
839	16600.0	16600.0	16500.0	16600.0	227700	2023-04-11 04:15:00	MBS
840	16600.0	16600.0	16600.0	16600.0	0	2023-04-11 04:30:00	MBS
841	16500.0	16700.0	16400.0	16600.0	329100	2023-04-11 06:00:00	MBS
842	16600.0	16800.0	16600.0	16700.0	490300	2023-04-11 06:15:00	MBS
843	16700.0	17200.0	16700.0	17100.0	569700	2023-04-11 06:30:00	MBS
844	17100.0	17200.0	16900.0	16900.0	420700	2023-04-11 06:45:00	MBS
845	16900.0	17300.0	16900.0	17000.0	736100	2023-04-11 07:00:00	MBS
846	17000.0	17200.0	16900.0	17200.0	381100	2023-04-11 07:15:00	MBS
847	17200.0	17200.0	17200.0	17200.0	0	2023-04-11 07:30:00	MBS
848	17200.0	17200.0	17200.0	17200.0	112300	2023-04-11 07:45:00	MBS
849	17200.0	17200.0	17200.0	17200.0	0	2023-04-11 08:00:00	MBS
850	16900.0	17000.0	16900.0	17000.0	40500	2023-04-12 04:15:00	MBS
851	17000.0	17000.0	17000.0	17000.0	0	2023-04-12 04:30:00	MBS
852	17000.0	17000.0	16900.0	17000.0	92400	2023-04-12 06:00:00	MBS
853	16900.0	17100.0	16900.0	17000.0	163200	2023-04-12 06:15:00	MBS
854	17000.0	17000.0	16900.0	17000.0	106000	2023-04-12 06:30:00	MBS
855	16900.0	17000.0	16900.0	16900.0	135000	2023-04-12 06:45:00	MBS
856	16900.0	17000.0	16800.0	17000.0	251900	2023-04-12 07:00:00	MBS
857	17000.0	17000.0	16600.0	16800.0	474700	2023-04-12 07:15:00	MBS
858	16900.0	16900.0	16900.0	16900.0	700	2023-04-12 07:30:00	MBS
859	16700.0	16700.0	16700.0	16700.0	148000	2023-04-12 07:45:00	MBS
860	16700.0	16700.0	16700.0	16700.0	0	2023-04-12 08:00:00	MBS
861	16700.0	16800.0	16700.0	16700.0	142500	2023-04-13 02:00:00	MBS
862	16700.0	16800.0	16600.0	16800.0	94500	2023-04-13 02:15:00	MBS
863	16700.0	16700.0	16500.0	16600.0	151000	2023-04-13 02:30:00	MBS
864	16600.0	16600.0	16500.0	16600.0	167200	2023-04-13 02:45:00	MBS
865	16600.0	16900.0	16600.0	16700.0	485100	2023-04-13 03:00:00	MBS
866	16700.0	16700.0	16600.0	16600.0	135500	2023-04-13 03:15:00	MBS
867	16600.0	16700.0	16600.0	16600.0	21500	2023-04-13 03:30:00	MBS
868	16700.0	16700.0	16600.0	16700.0	4500	2023-04-13 03:45:00	MBS
869	16700.0	16700.0	16500.0	16500.0	148600	2023-04-13 04:00:00	MBS
870	16500.0	16600.0	16500.0	16500.0	138400	2023-04-13 04:15:00	MBS
871	16500.0	16500.0	16500.0	16500.0	0	2023-04-13 04:30:00	MBS
872	16500.0	16600.0	16400.0	16500.0	288900	2023-04-13 06:00:00	MBS
873	16500.0	16600.0	16400.0	16400.0	138900	2023-04-13 06:15:00	MBS
874	16400.0	16700.0	16300.0	16700.0	374300	2023-04-13 06:30:00	MBS
875	16600.0	16700.0	16500.0	16500.0	116900	2023-04-13 06:45:00	MBS
876	16600.0	16600.0	16400.0	16600.0	150700	2023-04-13 07:00:00	MBS
877	16600.0	16600.0	16300.0	16400.0	312700	2023-04-13 07:15:00	MBS
878	16400.0	16400.0	16400.0	16400.0	0	2023-04-13 07:30:00	MBS
879	16300.0	16300.0	16300.0	16300.0	251000	2023-04-13 07:45:00	MBS
880	16300.0	16300.0	16300.0	16300.0	0	2023-04-13 08:00:00	MBS
881	16500.0	16600.0	16400.0	16500.0	117500	2023-04-14 02:00:00	MBS
882	16500.0	16500.0	16300.0	16400.0	150200	2023-04-14 02:15:00	MBS
883	16400.0	16400.0	16400.0	16400.0	81400	2023-04-14 02:30:00	MBS
884	16400.0	16500.0	16300.0	16500.0	129100	2023-04-14 02:45:00	MBS
885	16500.0	16600.0	16400.0	16500.0	103400	2023-04-14 03:00:00	MBS
886	16500.0	16600.0	16500.0	16500.0	86200	2023-04-14 03:15:00	MBS
887	16400.0	16400.0	16300.0	16400.0	113700	2023-04-14 03:30:00	MBS
888	16400.0	16400.0	16300.0	16300.0	169100	2023-04-14 03:45:00	MBS
889	16300.0	16300.0	16000.0	16100.0	1153800	2023-04-14 04:00:00	MBS
890	16100.0	16100.0	15800.0	16000.0	791500	2023-04-14 04:15:00	MBS
891	16000.0	16000.0	16000.0	16000.0	15000	2023-04-14 04:30:00	MBS
892	16000.0	16100.0	15900.0	15900.0	325900	2023-04-14 06:00:00	MBS
893	15900.0	16300.0	15900.0	16200.0	203600	2023-04-14 06:15:00	MBS
894	16200.0	16300.0	16100.0	16300.0	69000	2023-04-14 06:30:00	MBS
895	16300.0	16400.0	16100.0	16200.0	238300	2023-04-14 06:45:00	MBS
896	16200.0	16700.0	16200.0	16600.0	295300	2023-04-14 07:00:00	MBS
897	16600.0	16600.0	15900.0	16000.0	648700	2023-04-14 07:15:00	MBS
898	16000.0	16000.0	16000.0	16000.0	0	2023-04-14 07:30:00	MBS
899	16000.0	16000.0	16000.0	16000.0	422500	2023-04-14 07:45:00	MBS
900	16000.0	16000.0	16000.0	16000.0	0	2023-04-14 08:00:00	MBS
901	16100.0	16200.0	16000.0	16100.0	58400	2023-04-17 02:00:00	MBS
902	16100.0	16100.0	16000.0	16000.0	70100	2023-04-17 02:15:00	MBS
903	15900.0	16000.0	15800.0	15900.0	112600	2023-04-17 02:30:00	MBS
904	15900.0	16100.0	15900.0	16000.0	107000	2023-04-17 02:45:00	MBS
905	15900.0	16000.0	15900.0	16000.0	84600	2023-04-17 03:00:00	MBS
906	16000.0	16200.0	16000.0	16100.0	57900	2023-04-17 03:15:00	MBS
907	16100.0	16100.0	16100.0	16100.0	49500	2023-04-17 03:30:00	MBS
908	16100.0	16100.0	16000.0	16100.0	65800	2023-04-17 03:45:00	MBS
909	16100.0	16100.0	16000.0	16000.0	12100	2023-04-17 04:00:00	MBS
910	16000.0	16100.0	16000.0	16000.0	47500	2023-04-17 04:15:00	MBS
911	16000.0	16000.0	16000.0	16000.0	3000	2023-04-17 04:30:00	MBS
912	16000.0	16100.0	16000.0	16100.0	155800	2023-04-17 06:00:00	MBS
913	16100.0	16200.0	16000.0	16100.0	150600	2023-04-17 06:15:00	MBS
914	16100.0	16100.0	16000.0	16100.0	98600	2023-04-17 06:30:00	MBS
915	16100.0	16100.0	16100.0	16100.0	172800	2023-04-17 06:45:00	MBS
916	16100.0	16100.0	16000.0	16000.0	75100	2023-04-17 07:00:00	MBS
917	16000.0	16200.0	16000.0	16100.0	134400	2023-04-17 07:15:00	MBS
918	16100.0	16100.0	16100.0	16100.0	0	2023-04-17 07:30:00	MBS
919	16200.0	16200.0	16200.0	16200.0	127000	2023-04-17 07:45:00	MBS
920	16200.0	16200.0	16200.0	16200.0	0	2023-04-17 08:00:00	MBS
921	16200.0	16400.0	16100.0	16300.0	40200	2023-04-18 02:00:00	MBS
922	16300.0	16300.0	16200.0	16300.0	70000	2023-04-18 02:15:00	MBS
923	16300.0	16300.0	16100.0	16200.0	69700	2023-04-18 02:30:00	MBS
924	16200.0	16200.0	16100.0	16100.0	63600	2023-04-18 02:45:00	MBS
925	16100.0	16200.0	16100.0	16200.0	19200	2023-04-18 03:00:00	MBS
926	16200.0	16200.0	16100.0	16100.0	18700	2023-04-18 03:15:00	MBS
927	16100.0	16100.0	16100.0	16100.0	103700	2023-04-18 03:30:00	MBS
928	16000.0	16100.0	16000.0	16100.0	27300	2023-04-18 03:45:00	MBS
929	16100.0	16100.0	16000.0	16100.0	54200	2023-04-18 04:00:00	MBS
930	16100.0	16100.0	16000.0	16100.0	103900	2023-04-18 04:15:00	MBS
931	16100.0	16100.0	16100.0	16100.0	0	2023-04-18 04:30:00	MBS
932	16100.0	16400.0	16000.0	16300.0	513600	2023-04-18 06:00:00	MBS
933	16300.0	16400.0	16200.0	16300.0	108100	2023-04-18 06:15:00	MBS
934	16300.0	16300.0	16200.0	16200.0	99700	2023-04-18 06:30:00	MBS
935	16200.0	16900.0	16200.0	16700.0	1234100	2023-04-18 06:45:00	MBS
936	16700.0	16800.0	16500.0	16600.0	602400	2023-04-18 07:00:00	MBS
937	16600.0	16800.0	16500.0	16700.0	692300	2023-04-18 07:15:00	MBS
938	16700.0	16700.0	16700.0	16700.0	100	2023-04-18 07:30:00	MBS
939	16800.0	16800.0	16800.0	16800.0	118800	2023-04-18 07:45:00	MBS
940	16800.0	16800.0	16800.0	16800.0	0	2023-04-18 08:00:00	MBS
941	16800.0	16900.0	16800.0	16900.0	142300	2023-04-19 02:00:00	MBS
942	16900.0	17000.0	16700.0	17000.0	506200	2023-04-19 02:15:00	MBS
943	17000.0	17200.0	17000.0	17000.0	979900	2023-04-19 02:30:00	MBS
944	17000.0	17200.0	17000.0	17000.0	296600	2023-04-19 02:45:00	MBS
945	17000.0	17000.0	16900.0	16900.0	178100	2023-04-19 03:00:00	MBS
946	16900.0	17000.0	16800.0	16900.0	124800	2023-04-19 03:15:00	MBS
947	16900.0	17000.0	16800.0	17000.0	208700	2023-04-19 03:30:00	MBS
948	17000.0	17100.0	17000.0	17000.0	73100	2023-04-19 03:45:00	MBS
949	17000.0	17100.0	17000.0	17000.0	145100	2023-04-19 04:00:00	MBS
950	17000.0	17000.0	16900.0	16900.0	133600	2023-04-19 04:15:00	MBS
951	16900.0	16900.0	16900.0	16900.0	0	2023-04-19 04:30:00	MBS
952	16900.0	16900.0	16800.0	16800.0	138800	2023-04-19 06:00:00	MBS
953	16800.0	16800.0	16700.0	16700.0	235100	2023-04-19 06:15:00	MBS
954	16700.0	16800.0	16600.0	16700.0	322400	2023-04-19 06:30:00	MBS
955	16700.0	16800.0	16600.0	16700.0	250800	2023-04-19 06:45:00	MBS
956	16700.0	16800.0	16700.0	16700.0	176900	2023-04-19 07:00:00	MBS
957	16700.0	16800.0	16400.0	16500.0	760500	2023-04-19 07:15:00	MBS
958	16500.0	16500.0	16500.0	16500.0	0	2023-04-19 07:30:00	MBS
959	16400.0	16400.0	16400.0	16400.0	336900	2023-04-19 07:45:00	MBS
960	16400.0	16400.0	16400.0	16400.0	0	2023-04-19 08:00:00	MBS
961	16400.0	16600.0	16400.0	16600.0	20300	2023-04-20 02:00:00	MBS
962	16500.0	16600.0	16400.0	16500.0	76100	2023-04-20 02:15:00	MBS
963	16500.0	16600.0	16400.0	16400.0	63600	2023-04-20 02:30:00	MBS
964	16500.0	16500.0	16500.0	16500.0	63600	2023-04-20 02:45:00	MBS
965	16500.0	16600.0	16500.0	16600.0	34900	2023-04-20 03:00:00	MBS
966	16600.0	16600.0	16500.0	16500.0	33800	2023-04-20 03:15:00	MBS
967	16500.0	16600.0	16500.0	16500.0	73900	2023-04-20 03:30:00	MBS
968	16500.0	16500.0	16400.0	16400.0	16300	2023-04-20 03:45:00	MBS
969	16400.0	16500.0	16400.0	16400.0	46400	2023-04-20 04:00:00	MBS
970	16400.0	16400.0	16300.0	16400.0	55900	2023-04-20 04:15:00	MBS
971	16400.0	16400.0	16400.0	16400.0	0	2023-04-20 04:30:00	MBS
972	16400.0	16400.0	16300.0	16400.0	244000	2023-04-20 06:00:00	MBS
973	16400.0	16500.0	16400.0	16400.0	111700	2023-04-20 06:15:00	MBS
974	16500.0	16700.0	16400.0	16600.0	168600	2023-04-20 06:30:00	MBS
975	16500.0	16500.0	16400.0	16500.0	120200	2023-04-20 06:45:00	MBS
976	16500.0	16500.0	16400.0	16500.0	62300	2023-04-20 07:00:00	MBS
977	16500.0	16700.0	16400.0	16500.0	270000	2023-04-20 07:15:00	MBS
978	16500.0	16500.0	16500.0	16500.0	0	2023-04-20 07:30:00	MBS
979	16700.0	16700.0	16700.0	16700.0	107900	2023-04-20 07:45:00	MBS
980	16700.0	16700.0	16700.0	16700.0	0	2023-04-20 08:00:00	MBS
981	16700.0	17000.0	16700.0	17000.0	147200	2023-04-21 02:00:00	MBS
982	17000.0	17100.0	16900.0	16900.0	246700	2023-04-21 02:15:00	MBS
983	16900.0	17000.0	16900.0	16900.0	125600	2023-04-21 02:30:00	MBS
984	17000.0	17100.0	16900.0	17000.0	355500	2023-04-21 02:45:00	MBS
985	17000.0	17400.0	17000.0	17300.0	852200	2023-04-21 03:00:00	MBS
986	17200.0	17300.0	17100.0	17200.0	530000	2023-04-21 03:15:00	MBS
987	17200.0	17200.0	17100.0	17100.0	275800	2023-04-21 03:30:00	MBS
988	17100.0	17200.0	17000.0	17100.0	119700	2023-04-21 03:45:00	MBS
989	17100.0	17100.0	17000.0	17100.0	139600	2023-04-21 04:00:00	MBS
990	17100.0	17200.0	17100.0	17100.0	44900	2023-04-21 04:15:00	MBS
991	17100.0	17100.0	17100.0	17100.0	0	2023-04-21 04:30:00	MBS
992	17200.0	17200.0	17100.0	17100.0	452300	2023-04-21 06:00:00	MBS
993	17100.0	17100.0	17000.0	17100.0	258100	2023-04-21 06:15:00	MBS
994	17100.0	17900.0	17100.0	17800.0	2060200	2023-04-21 06:30:00	MBS
995	17800.0	17800.0	17500.0	17700.0	846200	2023-04-21 06:45:00	MBS
996	17600.0	17700.0	17500.0	17600.0	392600	2023-04-21 07:00:00	MBS
997	17600.0	17600.0	17000.0	17500.0	927900	2023-04-21 07:15:00	MBS
998	17500.0	17500.0	17500.0	17500.0	700	2023-04-21 07:30:00	MBS
999	17600.0	17600.0	17600.0	17600.0	208100	2023-04-21 07:45:00	MBS
1000	17600.0	17600.0	17600.0	17600.0	0	2023-04-21 08:00:00	MBS
1001	17600.0	17900.0	17500.0	17600.0	203900	2023-04-24 02:00:00	MBS
1002	17600.0	17600.0	17400.0	17500.0	225000	2023-04-24 02:15:00	MBS
1003	17500.0	17700.0	17500.0	17700.0	556200	2023-04-24 02:30:00	MBS
1004	17600.0	17600.0	17400.0	17400.0	247200	2023-04-24 02:45:00	MBS
1005	17400.0	17800.0	17400.0	17800.0	405400	2023-04-24 03:00:00	MBS
1006	17700.0	17800.0	17400.0	17600.0	391600	2023-04-24 03:15:00	MBS
1007	17600.0	17800.0	17600.0	17700.0	204300	2023-04-24 03:30:00	MBS
1008	17700.0	17800.0	17600.0	17600.0	141400	2023-04-24 03:45:00	MBS
1009	17600.0	17800.0	17600.0	17700.0	180400	2023-04-24 04:00:00	MBS
1010	17700.0	17700.0	17600.0	17600.0	73600	2023-04-24 04:15:00	MBS
1011	17600.0	17600.0	17600.0	17600.0	0	2023-04-24 04:30:00	MBS
1012	17600.0	17700.0	17400.0	17400.0	267200	2023-04-24 06:00:00	MBS
1013	17400.0	17500.0	17400.0	17500.0	172300	2023-04-24 06:15:00	MBS
1014	17500.0	17600.0	17400.0	17400.0	122900	2023-04-24 06:30:00	MBS
1015	17400.0	17500.0	17400.0	17500.0	140000	2023-04-24 06:45:00	MBS
1016	17500.0	17600.0	17400.0	17500.0	108100	2023-04-24 07:00:00	MBS
1017	17500.0	17500.0	17300.0	17400.0	406800	2023-04-24 07:15:00	MBS
1018	17400.0	17400.0	17400.0	17400.0	0	2023-04-24 07:30:00	MBS
1019	17400.0	17400.0	17400.0	17400.0	114800	2023-04-24 07:45:00	MBS
1020	17400.0	17400.0	17400.0	17400.0	0	2023-04-24 08:00:00	MBS
1021	17400.0	17500.0	17400.0	17500.0	6600	2023-04-25 02:00:00	MBS
1022	17500.0	17500.0	17400.0	17400.0	95000	2023-04-25 02:15:00	MBS
1023	17400.0	17400.0	17200.0	17300.0	119600	2023-04-25 02:30:00	MBS
1024	17300.0	17300.0	17300.0	17300.0	124200	2023-04-25 02:45:00	MBS
1025	17200.0	17300.0	17200.0	17300.0	47800	2023-04-25 03:00:00	MBS
1026	17300.0	17300.0	17100.0	17200.0	139100	2023-04-25 03:15:00	MBS
1027	17100.0	17200.0	17100.0	17200.0	137600	2023-04-25 03:30:00	MBS
1028	17100.0	17100.0	17000.0	17100.0	106700	2023-04-25 03:45:00	MBS
1029	17100.0	17100.0	17000.0	17100.0	103100	2023-04-25 04:00:00	MBS
1030	17000.0	17100.0	17000.0	17100.0	42500	2023-04-25 04:15:00	MBS
1031	17100.0	17100.0	17100.0	17100.0	0	2023-04-25 04:30:00	MBS
1032	17100.0	17100.0	16900.0	17000.0	503900	2023-04-25 06:00:00	MBS
1033	17000.0	17000.0	16800.0	16800.0	376400	2023-04-25 06:15:00	MBS
1034	16800.0	16900.0	16600.0	16800.0	711200	2023-04-25 06:30:00	MBS
1035	16800.0	16800.0	16000.0	16500.0	1647000	2023-04-25 06:45:00	MBS
1036	16400.0	16600.0	16100.0	16200.0	1095400	2023-04-25 07:00:00	MBS
1037	16200.0	16700.0	16200.0	16300.0	684500	2023-04-25 07:15:00	MBS
1038	16300.0	16300.0	16300.0	16300.0	0	2023-04-25 07:30:00	MBS
1039	16300.0	16300.0	16300.0	16300.0	303800	2023-04-25 07:45:00	MBS
1040	16300.0	16400.0	16000.0	16400.0	51700	2023-04-26 02:00:00	MBS
1041	16400.0	16400.0	16200.0	16300.0	84500	2023-04-26 02:15:00	MBS
1042	16300.0	16500.0	16300.0	16400.0	88000	2023-04-26 02:30:00	MBS
1043	16400.0	16500.0	16400.0	16400.0	69200	2023-04-26 02:45:00	MBS
1044	16400.0	16400.0	16200.0	16300.0	112400	2023-04-26 03:00:00	MBS
1045	16300.0	16400.0	16200.0	16400.0	55200	2023-04-26 03:15:00	MBS
1046	16400.0	16400.0	16400.0	16400.0	46500	2023-04-26 03:30:00	MBS
1047	16400.0	16500.0	16400.0	16500.0	109700	2023-04-26 03:45:00	MBS
1048	16500.0	16700.0	16500.0	16500.0	172900	2023-04-26 04:00:00	MBS
1049	16500.0	16600.0	16400.0	16400.0	41200	2023-04-26 04:15:00	MBS
1050	16400.0	16400.0	16400.0	16400.0	900	2023-04-26 04:30:00	MBS
1051	16400.0	16600.0	16400.0	16600.0	147100	2023-04-26 06:00:00	MBS
1052	16600.0	16600.0	16500.0	16600.0	136700	2023-04-26 06:15:00	MBS
1053	16600.0	16600.0	16500.0	16600.0	42900	2023-04-26 06:30:00	MBS
1054	16600.0	16800.0	16600.0	16600.0	226500	2023-04-26 06:45:00	MBS
1055	16600.0	16600.0	16500.0	16500.0	82100	2023-04-26 07:00:00	MBS
1056	16500.0	16700.0	16500.0	16700.0	253000	2023-04-26 07:15:00	MBS
1057	16700.0	16700.0	16700.0	16700.0	0	2023-04-26 07:30:00	MBS
1058	16700.0	16700.0	16700.0	16700.0	60900	2023-04-26 07:45:00	MBS
1059	16700.0	16700.0	16700.0	16700.0	0	2023-04-26 08:00:00	MBS
1060	16800.0	16800.0	16700.0	16700.0	37800	2023-04-27 02:00:00	MBS
1061	16700.0	16700.0	16600.0	16600.0	39600	2023-04-27 02:15:00	MBS
1062	16700.0	16700.0	16600.0	16700.0	95500	2023-04-27 02:30:00	MBS
1063	16700.0	16700.0	16600.0	16700.0	139800	2023-04-27 02:45:00	MBS
1064	16600.0	16700.0	16600.0	16600.0	107800	2023-04-27 03:00:00	MBS
1065	16600.0	16700.0	16600.0	16700.0	19100	2023-04-27 03:15:00	MBS
1066	16600.0	16600.0	16600.0	16600.0	106900	2023-04-27 03:30:00	MBS
1067	16600.0	16600.0	16600.0	16600.0	66900	2023-04-27 03:45:00	MBS
1068	16600.0	16600.0	16500.0	16500.0	95100	2023-04-27 04:00:00	MBS
1069	16500.0	16500.0	16400.0	16500.0	99700	2023-04-27 04:15:00	MBS
1070	16500.0	16500.0	16500.0	16500.0	0	2023-04-27 04:30:00	MBS
1071	16500.0	16500.0	16400.0	16400.0	200400	2023-04-27 06:00:00	MBS
1072	16400.0	16600.0	16400.0	16400.0	242000	2023-04-27 06:15:00	MBS
1073	16400.0	16600.0	16400.0	16500.0	80200	2023-04-27 06:30:00	MBS
1074	16500.0	16700.0	16500.0	16700.0	73800	2023-04-27 06:45:00	MBS
1075	16700.0	16700.0	16500.0	16500.0	133600	2023-04-27 07:00:00	MBS
1076	16600.0	16700.0	16400.0	16500.0	267600	2023-04-27 07:15:00	MBS
1077	16500.0	16500.0	16500.0	16500.0	0	2023-04-27 07:30:00	MBS
1078	16600.0	16600.0	16600.0	16600.0	146200	2023-04-27 07:45:00	MBS
1079	16600.0	16600.0	16600.0	16600.0	0	2023-04-27 08:00:00	MBS
1080	15000.0	16800.0	15000.0	16800.0	97500	2023-04-28 02:00:00	MBS
1081	16800.0	16800.0	16700.0	16800.0	170300	2023-04-28 02:15:00	MBS
1082	16700.0	16700.0	16600.0	16700.0	72800	2023-04-28 02:30:00	MBS
1083	16700.0	16700.0	16600.0	16700.0	44600	2023-04-28 02:45:00	MBS
1084	16600.0	16700.0	16600.0	16600.0	68700	2023-04-28 03:00:00	MBS
1085	16600.0	16700.0	16600.0	16700.0	104000	2023-04-28 03:15:00	MBS
1086	16700.0	16800.0	16700.0	16700.0	135500	2023-04-28 03:30:00	MBS
1087	16700.0	16800.0	16700.0	16700.0	97200	2023-04-28 03:45:00	MBS
1088	16600.0	16700.0	16600.0	16700.0	39400	2023-04-28 04:00:00	MBS
1089	16700.0	16700.0	16600.0	16600.0	176300	2023-04-28 04:15:00	MBS
1090	16600.0	16600.0	16600.0	16600.0	0	2023-04-28 04:30:00	MBS
1091	16600.0	16600.0	16500.0	16500.0	211400	2023-04-28 06:00:00	MBS
1092	16600.0	16700.0	16600.0	16700.0	95900	2023-04-28 06:15:00	MBS
1093	16600.0	17000.0	16600.0	16900.0	544100	2023-04-28 06:30:00	MBS
1094	16900.0	16900.0	16800.0	16900.0	125100	2023-04-28 06:45:00	MBS
1095	16900.0	16900.0	16800.0	16800.0	181900	2023-04-28 07:00:00	MBS
1096	16800.0	16900.0	16800.0	16800.0	353200	2023-04-28 07:15:00	MBS
1097	16800.0	16800.0	16800.0	16800.0	0	2023-04-28 07:30:00	MBS
1098	16800.0	16800.0	16800.0	16800.0	304100	2023-04-28 07:45:00	MBS
1099	16800.0	16800.0	16800.0	16800.0	0	2023-04-28 08:00:00	MBS
